No,Name,city,review_url
1,道後温泉　八千代,愛媛県,https://travel.rakuten.co.jp/HOTEL/166206/166206.html,https://review.travel.rakuten.co.jp/hotel/voice/166206/18866465
2,道後温泉　八千代,愛媛県,https://travel.rakuten.co.jp/HOTEL/166206/166206.html,https://review.travel.rakuten.co.jp/hotel/voice/166206/18856097
3,道後温泉　八千代,愛媛県,https://travel.rakuten.co.jp/HOTEL/166206/166206.html,https://review.travel.rakuten.co.jp/hotel/voice/166206/17106510
4,伊勢志摩の絶景　鳥羽グランドホテル,三重県,https://travel.rakuten.co.jp/HOTEL/19190/19190.html,https://review.travel.rakuten.co.jp/hotel/voice/19190/20083611
5,伊勢志摩の絶景　鳥羽グランドホテル,三重県,https://travel.rakuten.co.jp/HOTEL/19190/19190.html,https://review.travel.rakuten.co.jp/hotel/voice/19190/18658328
6,伊勢志摩の絶景　鳥羽グランドホテル,三重県,https://travel.rakuten.co.jp/HOTEL/19190/19190.html,https://review.travel.rakuten.co.jp/hotel/voice/19190/18172860
7,宇奈月温泉　延対寺荘,富山県,https://travel.rakuten.co.jp/HOTEL/4804/4804.html,https://review.travel.rakuten.co.jp/hotel/voice/4804/20188633
8,宇奈月温泉　延対寺荘,富山県,https://travel.rakuten.co.jp/HOTEL/4804/4804.html,https://review.travel.rakuten.co.jp/hotel/voice/4804/19205448
9,宇奈月温泉　延対寺荘,富山県,https://travel.rakuten.co.jp/HOTEL/4804/4804.html,https://review.travel.rakuten.co.jp/hotel/voice/4804/18405242
10,下田温泉　黒船ホテル,静岡県,https://travel.rakuten.co.jp/HOTEL/1307/1307.html,https://review.travel.rakuten.co.jp/hotel/voice/1307/18701470
11,下田温泉　黒船ホテル,静岡県,https://travel.rakuten.co.jp/HOTEL/1307/1307.html,https://review.travel.rakuten.co.jp/hotel/voice/1307/17057710
12,下田温泉　黒船ホテル,静岡県,https://travel.rakuten.co.jp/HOTEL/1307/1307.html,https://review.travel.rakuten.co.jp/hotel/voice/1307/16196069
13,すすきのグランベルホテル,北海道,https://travel.rakuten.co.jp/HOTEL/182562/182562.html,https://review.travel.rakuten.co.jp/hotel/voice/182562/19272886
14,すすきのグランベルホテル,北海道,https://travel.rakuten.co.jp/HOTEL/182562/182562.html,https://review.travel.rakuten.co.jp/hotel/voice/182562/19147948
15,すすきのグランベルホテル,北海道,https://travel.rakuten.co.jp/HOTEL/182562/182562.html,https://review.travel.rakuten.co.jp/hotel/voice/182562/19007652
16,開花亭〜全室露天・内湯付き離れの宿,大分県,https://travel.rakuten.co.jp/HOTEL/137975/137975.html,https://review.travel.rakuten.co.jp/hotel/voice/137975/19298515
17,開花亭〜全室露天・内湯付き離れの宿,大分県,https://travel.rakuten.co.jp/HOTEL/137975/137975.html,https://review.travel.rakuten.co.jp/hotel/voice/137975/17414585
18,開花亭〜全室露天・内湯付き離れの宿,大分県,https://travel.rakuten.co.jp/HOTEL/137975/137975.html,https://review.travel.rakuten.co.jp/hotel/voice/137975/17032258
19,リーベルホテル　アット　ユニバーサル・スタジオ・ジャパン,大阪府,https://travel.rakuten.co.jp/HOTEL/172378/172378.html,https://review.travel.rakuten.co.jp/hotel/voice/172378/19020209
20,リーベルホテル　アット　ユニバーサル・スタジオ・ジャパン,大阪府,https://travel.rakuten.co.jp/HOTEL/172378/172378.html,https://review.travel.rakuten.co.jp/hotel/voice/172378/18410518
21,リーベルホテル　アット　ユニバーサル・スタジオ・ジャパン,大阪府,https://travel.rakuten.co.jp/HOTEL/172378/172378.html,https://review.travel.rakuten.co.jp/hotel/voice/172378/16848231
22,湯けむりの宿　雪の花（共立リゾート）,新潟県,https://travel.rakuten.co.jp/HOTEL/172442/172442.html,https://review.travel.rakuten.co.jp/hotel/voice/172442/19423432
23,湯けむりの宿　雪の花（共立リゾート）,新潟県,https://travel.rakuten.co.jp/HOTEL/172442/172442.html,https://review.travel.rakuten.co.jp/hotel/voice/172442/18974014
24,湯けむりの宿　雪の花（共立リゾート）,新潟県,https://travel.rakuten.co.jp/HOTEL/172442/172442.html,https://review.travel.rakuten.co.jp/hotel/voice/172442/16846402
25,ロイヤルツインホテル京都八条口,京都府,https://travel.rakuten.co.jp/HOTEL/177759/177759.html,https://review.travel.rakuten.co.jp/hotel/voice/177759/20709125
26,ロイヤルツインホテル京都八条口,京都府,https://travel.rakuten.co.jp/HOTEL/177759/177759.html,https://review.travel.rakuten.co.jp/hotel/voice/177759/20049772
27,ロイヤルツインホテル京都八条口,京都府,https://travel.rakuten.co.jp/HOTEL/177759/177759.html,https://review.travel.rakuten.co.jp/hotel/voice/177759/19339891
28,函館湯の川温泉　海と灯／ヒューイットリゾート,北海道,https://travel.rakuten.co.jp/HOTEL/182148/182148.html,https://review.travel.rakuten.co.jp/hotel/voice/182148/20078057
29,函館湯の川温泉　海と灯／ヒューイットリゾート,北海道,https://travel.rakuten.co.jp/HOTEL/182148/182148.html,https://review.travel.rakuten.co.jp/hotel/voice/182148/18489618
30,函館湯の川温泉　海と灯／ヒューイットリゾート,北海道,https://travel.rakuten.co.jp/HOTEL/182148/182148.html,https://review.travel.rakuten.co.jp/hotel/voice/182148/18240015
31,浜名湖かんざんじ温泉　ホテル鞠水亭,静岡県,https://travel.rakuten.co.jp/HOTEL/2092/2092.html,https://review.travel.rakuten.co.jp/hotel/voice/2092/16274832
32,浜名湖かんざんじ温泉　ホテル鞠水亭,静岡県,https://travel.rakuten.co.jp/HOTEL/2092/2092.html,https://review.travel.rakuten.co.jp/hotel/voice/2092/14802246
33,浜名湖かんざんじ温泉　ホテル鞠水亭,静岡県,https://travel.rakuten.co.jp/HOTEL/2092/2092.html,https://review.travel.rakuten.co.jp/hotel/voice/2092/14384477
34,こんぴら温泉　琴平グランドホテル　桜の抄,香川県,https://travel.rakuten.co.jp/HOTEL/5900/5900.html,https://review.travel.rakuten.co.jp/hotel/voice/5900/20776639
35,こんぴら温泉　琴平グランドホテル　桜の抄,香川県,https://travel.rakuten.co.jp/HOTEL/5900/5900.html,https://review.travel.rakuten.co.jp/hotel/voice/5900/20117871
36,こんぴら温泉　琴平グランドホテル　桜の抄,香川県,https://travel.rakuten.co.jp/HOTEL/5900/5900.html,https://review.travel.rakuten.co.jp/hotel/voice/5900/19798544
37,シャトレーゼホテル　旅館　富士野屋,山梨県,https://travel.rakuten.co.jp/HOTEL/9121/9121.html,https://review.travel.rakuten.co.jp/hotel/voice/9121/20896043
38,シャトレーゼホテル　旅館　富士野屋,山梨県,https://travel.rakuten.co.jp/HOTEL/9121/9121.html,https://review.travel.rakuten.co.jp/hotel/voice/9121/20079892
39,シャトレーゼホテル　旅館　富士野屋,山梨県,https://travel.rakuten.co.jp/HOTEL/9121/9121.html,https://review.travel.rakuten.co.jp/hotel/voice/9121/19884354
40,満ちてくる心の宿　吉夢,千葉県,https://travel.rakuten.co.jp/HOTEL/9321/9321.html,https://review.travel.rakuten.co.jp/hotel/voice/9321/20813524
41,満ちてくる心の宿　吉夢,千葉県,https://travel.rakuten.co.jp/HOTEL/9321/9321.html,https://review.travel.rakuten.co.jp/hotel/voice/9321/20250551
42,満ちてくる心の宿　吉夢,千葉県,https://travel.rakuten.co.jp/HOTEL/9321/9321.html,https://review.travel.rakuten.co.jp/hotel/voice/9321/19436540
43,湯河原温泉　グリーンパル湯河原,神奈川県,https://travel.rakuten.co.jp/HOTEL/142535/142535.html,https://review.travel.rakuten.co.jp/hotel/voice/142535/17985159
44,湯河原温泉　グリーンパル湯河原,神奈川県,https://travel.rakuten.co.jp/HOTEL/142535/142535.html,https://review.travel.rakuten.co.jp/hotel/voice/142535/17591173
45,愛犬と過ごす本格旅館　月香,福井県,https://travel.rakuten.co.jp/HOTEL/160944/160944.html,https://review.travel.rakuten.co.jp/hotel/voice/160944/17408281
46,愛犬と過ごす本格旅館　月香,福井県,https://travel.rakuten.co.jp/HOTEL/160944/160944.html,https://review.travel.rakuten.co.jp/hotel/voice/160944/14210277
47,由布院　六花,大分県,https://travel.rakuten.co.jp/HOTEL/167953/167953.html,https://review.travel.rakuten.co.jp/hotel/voice/167953/18526904
48,由布院　六花,大分県,https://travel.rakuten.co.jp/HOTEL/167953/167953.html,https://review.travel.rakuten.co.jp/hotel/voice/167953/17557888
49,いやしの里松苑　離れ,鹿児島県,https://travel.rakuten.co.jp/HOTEL/168538/168538.html,https://review.travel.rakuten.co.jp/hotel/voice/168538/20606630
50,いやしの里松苑　離れ,鹿児島県,https://travel.rakuten.co.jp/HOTEL/168538/168538.html,https://review.travel.rakuten.co.jp/hotel/voice/168538/17419978
51,和海の宿　ささ游,千葉県,https://travel.rakuten.co.jp/HOTEL/168573/168573.html,https://review.travel.rakuten.co.jp/hotel/voice/168573/18052685
52,和海の宿　ささ游,千葉県,https://travel.rakuten.co.jp/HOTEL/168573/168573.html,https://review.travel.rakuten.co.jp/hotel/voice/168573/16676885
53,天成園　小田原駅　別館,神奈川県,https://travel.rakuten.co.jp/HOTEL/181948/181948.html,https://review.travel.rakuten.co.jp/hotel/voice/181948/19448255
54,天成園　小田原駅　別館,神奈川県,https://travel.rakuten.co.jp/HOTEL/181948/181948.html,https://review.travel.rakuten.co.jp/hotel/voice/181948/19397102
55,鬼怒川温泉　若竹の庄,栃木県,https://travel.rakuten.co.jp/HOTEL/38518/38518.html,https://review.travel.rakuten.co.jp/hotel/voice/38518/16435916
56,鬼怒川温泉　若竹の庄,栃木県,https://travel.rakuten.co.jp/HOTEL/38518/38518.html,https://review.travel.rakuten.co.jp/hotel/voice/38518/14645436
57,鴨川館,千葉県,https://travel.rakuten.co.jp/HOTEL/51733/51733.html,https://review.travel.rakuten.co.jp/hotel/voice/51733/19819476
58,鴨川館,千葉県,https://travel.rakuten.co.jp/HOTEL/51733/51733.html,https://review.travel.rakuten.co.jp/hotel/voice/51733/19047974
59,おごと温泉　暖灯館　きくのや,滋賀県,https://travel.rakuten.co.jp/HOTEL/8165/8165.html,https://review.travel.rakuten.co.jp/hotel/voice/8165/17184740
60,おごと温泉　暖灯館　きくのや,滋賀県,https://travel.rakuten.co.jp/HOTEL/8165/8165.html,https://review.travel.rakuten.co.jp/hotel/voice/8165/16032634
61,須賀谷温泉,滋賀県,https://travel.rakuten.co.jp/HOTEL/8796/8796.html,https://review.travel.rakuten.co.jp/hotel/voice/8796/20213127
62,須賀谷温泉,滋賀県,https://travel.rakuten.co.jp/HOTEL/8796/8796.html,https://review.travel.rakuten.co.jp/hotel/voice/8796/17305628
63,ホテル菊水今治（Ｈｏｔｅｌ　Ｋｉｋｕｓｕｉ　Ｉｍａｂａｒｉ）,愛媛県,https://travel.rakuten.co.jp/HOTEL/10758/10758.html,https://review.travel.rakuten.co.jp/hotel/voice/10758/19729064
64,那須黒磯温泉　かんすい苑　覚楽,栃木県,https://travel.rakuten.co.jp/HOTEL/108973/108973.html,https://review.travel.rakuten.co.jp/hotel/voice/108973/18537303
65,川湯温泉　冨士屋,和歌山県,https://travel.rakuten.co.jp/HOTEL/1256/1256.html,https://review.travel.rakuten.co.jp/hotel/voice/1256/17119799
66,京都　嵐山温泉　花伝抄（共立リゾート）,京都府,https://travel.rakuten.co.jp/HOTEL/130702/130702.html,https://review.travel.rakuten.co.jp/hotel/voice/130702/20566442
67,筑波山温泉　筑波山ホテル　青木屋,茨城県,https://travel.rakuten.co.jp/HOTEL/13479/13479.html,https://review.travel.rakuten.co.jp/hotel/voice/13479/14496998
68,チェレステ小豆島　＜小豆島＞,香川県,https://travel.rakuten.co.jp/HOTEL/134874/134874.html,https://review.travel.rakuten.co.jp/hotel/voice/134874/14979622
68,別府鉄輪温泉　割烹旅館　かんな和別邸,大分県,https://travel.rakuten.co.jp/HOTEL/136033/136033.html,https://review.travel.rakuten.co.jp/hotel/voice/136033/18918515
69,ペンションＢｅ,群馬県,https://travel.rakuten.co.jp/HOTEL/136259/136259.html,https://review.travel.rakuten.co.jp/hotel/voice/136259/20457813
70,多彩な湯めぐり四季の幸を愛でる宿　湯元館,滋賀県,https://travel.rakuten.co.jp/HOTEL/137819/137819.html,https://review.travel.rakuten.co.jp/hotel/voice/137819/18302039
71,奥定山渓温泉　佳松御苑,北海道,https://travel.rakuten.co.jp/HOTEL/144473/144473.html,https://review.travel.rakuten.co.jp/hotel/voice/144473/18015481
72,ホテルラフォーレ修善寺　山紫水明,静岡県,https://travel.rakuten.co.jp/HOTEL/145483/145483.html,https://review.travel.rakuten.co.jp/hotel/voice/145483/17755477
73,料理旅館なごや花亭美よし,愛知県,https://travel.rakuten.co.jp/HOTEL/14573/14573.html,https://review.travel.rakuten.co.jp/hotel/voice/14573/20188613
74,ホテル・ラ・ジェント・プラザ函館北斗,北海道,https://travel.rakuten.co.jp/HOTEL/160793/160793.html,https://review.travel.rakuten.co.jp/hotel/voice/160793/15338312
75,箱根風雅,神奈川県,https://travel.rakuten.co.jp/HOTEL/162753/162753.html,https://review.travel.rakuten.co.jp/hotel/voice/162753/20232251
76,石和名湯館　糸柳,山梨県,https://travel.rakuten.co.jp/HOTEL/16390/16390.html,https://review.travel.rakuten.co.jp/hotel/voice/16390/18240119
77,ホテル　グランビュー高崎,群馬県,https://travel.rakuten.co.jp/HOTEL/165867/165867.html,https://review.travel.rakuten.co.jp/hotel/voice/165867/20225230
78,センチュリーマリーナ函館,北海道,https://travel.rakuten.co.jp/HOTEL/168681/168681.html,https://review.travel.rakuten.co.jp/hotel/voice/168681/19726443
79,皆生游月,鳥取県,https://travel.rakuten.co.jp/HOTEL/168732/168732.html,https://review.travel.rakuten.co.jp/hotel/voice/168732/17409572
80,ＲＥＸ　ＨＯＴＥＬ　別府,大分県,https://travel.rakuten.co.jp/HOTEL/168759/168759.html,https://review.travel.rakuten.co.jp/hotel/voice/168759/16200289
81,"永平寺　親禅の宿　柏樹關
サステナブルトラベル",福井県,https://travel.rakuten.co.jp/HOTEL/173065/173065.html,https://review.travel.rakuten.co.jp/hotel/voice/173065/20791814
82,"道後温泉　ホテル古湧園　遥
サステナブルトラベル",愛媛県,https://travel.rakuten.co.jp/HOTEL/176808/176808.html,https://review.travel.rakuten.co.jp/hotel/voice/176808/16727483
83,"ホテルプリヴェ静岡
サステナブルトラベル",静岡県,https://travel.rakuten.co.jp/HOTEL/17888/17888.html,https://review.travel.rakuten.co.jp/hotel/voice/17888/19588066
84,Ｔｈｅ　Ｖｉｌｌａｇｅ由布院　温泉グランピング,大分県,https://travel.rakuten.co.jp/HOTEL/180797/180797.html,https://review.travel.rakuten.co.jp/hotel/voice/180797/20286141
85,ｈｏｔｅｌ　ａｒｏｕｎｄ　ＴＡＫＡＹＡＭＡ，　Ａｓｃｅｎｄ　Ｈｏｔｅｌ　Ｃｏｌｌｅｃｔｉｏｎ,岐阜県,https://travel.rakuten.co.jp/HOTEL/182196/182196.html,https://review.travel.rakuten.co.jp/hotel/voice/182196/19323756
86,十勝川モール温泉　清寂房,北海道,https://travel.rakuten.co.jp/HOTEL/184142/184142.html,https://review.travel.rakuten.co.jp/hotel/voice/184142/20617861
87,由布院温泉グランピング　風の響き,大分県,https://travel.rakuten.co.jp/HOTEL/187285/187285.html,https://review.travel.rakuten.co.jp/hotel/voice/187285/20841452
88,鴨川グランドホテル,千葉県,https://travel.rakuten.co.jp/HOTEL/19151/19151.html,https://review.travel.rakuten.co.jp/hotel/voice/19151/17614231
89,"小川温泉元湯　ホテルおがわ
サステナブルトラベル",富山県,https://travel.rakuten.co.jp/HOTEL/1971/1971.html,https://review.travel.rakuten.co.jp/hotel/voice/1971/20468230
90,ナチュラルファームシティ農園ホテル　＜秩父の街並みを眼下に望むロケーション＞,埼玉県,https://travel.rakuten.co.jp/HOTEL/2636/2636.html,https://review.travel.rakuten.co.jp/hotel/voice/2636/20760065
91,美ヶ原温泉　湯宿　和泉屋善兵衛,長野県,https://travel.rakuten.co.jp/HOTEL/28920/28920.html,https://review.travel.rakuten.co.jp/hotel/voice/28920/14954898
92,箱根湯本温泉　ホテル南風荘,神奈川県,https://travel.rakuten.co.jp/HOTEL/30888/30888.html,https://review.travel.rakuten.co.jp/hotel/voice/30888/17042608
93,和みのリゾート　ホテル角神,新潟県,https://travel.rakuten.co.jp/HOTEL/31993/31993.html,https://review.travel.rakuten.co.jp/hotel/voice/31993/14701365
94,塩原温泉　奥塩原高原ホテル,栃木県,https://travel.rakuten.co.jp/HOTEL/32030/32030.html,https://review.travel.rakuten.co.jp/hotel/voice/32030/21073459
95,昼神温泉　ユルイの宿　恵山,長野県,https://travel.rakuten.co.jp/HOTEL/37440/37440.html,https://review.travel.rakuten.co.jp/hotel/voice/37440/19470233
96,香落渓温泉　名香の湯　展望露天風呂　青蓮寺レークホテル,三重県,https://travel.rakuten.co.jp/HOTEL/37451/37451.html,https://review.travel.rakuten.co.jp/hotel/voice/37451/16900729
97,箱根強羅温泉　楽々花（ららか）,神奈川県,https://travel.rakuten.co.jp/HOTEL/38364/38364.html,https://review.travel.rakuten.co.jp/hotel/voice/38364/19917168
97,昼神温泉　おとぎ亭　光風,長野県,https://travel.rakuten.co.jp/HOTEL/4655/4655.html,https://review.travel.rakuten.co.jp/hotel/voice/4655/17413931
98,宝泉寺観光ホテル　湯本屋,大分県,https://travel.rakuten.co.jp/HOTEL/4984/4984.html,https://review.travel.rakuten.co.jp/hotel/voice/4984/20780107
99,湯西川温泉　本家伴久　平家伝承かずら橋の宿,栃木県,https://travel.rakuten.co.jp/HOTEL/50216/50216.html,https://review.travel.rakuten.co.jp/hotel/voice/50216/19165123
100,伊勢志摩国立公園　賢島の宿　みち潮,三重県,https://travel.rakuten.co.jp/HOTEL/5129/5129.html,https://review.travel.rakuten.co.jp/hotel/voice/5129/16037145
101,太良嶽温泉ホテル　蟹御殿,佐賀県,https://travel.rakuten.co.jp/HOTEL/53097/53097.html,https://review.travel.rakuten.co.jp/hotel/voice/53097/20750750
102,海の湯宿　花しぶき,千葉県,https://travel.rakuten.co.jp/HOTEL/54149/54149.html,https://review.travel.rakuten.co.jp/hotel/voice/54149/17850774
103,別府温泉　杉乃井ホテル（ＯＲＩＸＨＯＴＥＬＳ＆ＲＥＳＯＲＴＳ）,大分県,https://travel.rakuten.co.jp/HOTEL/5547/5547.html,https://review.travel.rakuten.co.jp/hotel/voice/5547/18576012
104,皆生松月,鳥取県,https://travel.rakuten.co.jp/HOTEL/5666/5666.html,https://review.travel.rakuten.co.jp/hotel/voice/5666/18821676
105,セントラルホテル伊万里,佐賀県,https://travel.rakuten.co.jp/HOTEL/68081/68081.html,https://review.travel.rakuten.co.jp/hotel/voice/68081/19891923
106,いそざき温泉　ホテルニュー白亜紀,茨城県,https://travel.rakuten.co.jp/HOTEL/68487/68487.html,https://review.travel.rakuten.co.jp/hotel/voice/68487/20177988
107,穂高温泉郷　安曇野穂高ビューホテル,長野県,https://travel.rakuten.co.jp/HOTEL/7149/7149.html,https://review.travel.rakuten.co.jp/hotel/voice/7149/14147524
108,糸柳別館　離れの邸　和穣苑,山梨県,https://travel.rakuten.co.jp/HOTEL/72019/72019.html,https://review.travel.rakuten.co.jp/hotel/voice/72019/20882080
109,飛騨花里の湯　高山桜庵（共立リゾート）,岐阜県,https://travel.rakuten.co.jp/HOTEL/76847/76847.html,https://review.travel.rakuten.co.jp/hotel/voice/76847/7109569
110,奥日光湯元温泉　奥日光高原ホテル,栃木県,https://travel.rakuten.co.jp/HOTEL/8337/8337.html,https://review.travel.rakuten.co.jp/hotel/voice/8337/20744326
111,鬼怒川温泉　あさや,栃木県,https://travel.rakuten.co.jp/HOTEL/8643/8643.html,https://review.travel.rakuten.co.jp/hotel/voice/8643/17231092
112,金沢白鳥路　ホテル山楽,石川県,https://travel.rakuten.co.jp/HOTEL/9004/9004.html,https://review.travel.rakuten.co.jp/hotel/voice/9004/20180340
113,白浜温泉　家族とすごす白浜の宿　柳屋,和歌山県,https://travel.rakuten.co.jp/HOTEL/9133/9133.html,https://review.travel.rakuten.co.jp/hotel/voice/9133/19607058
114,伊豆長岡温泉　小松家八の坊,静岡県,https://travel.rakuten.co.jp/HOTEL/9682/9682.html,https://review.travel.rakuten.co.jp/hotel/voice/9682/15478246
115,草津温泉　中村屋旅館＜群馬県＞,群馬県,https://travel.rakuten.co.jp/HOTEL/31675/31675.html,https://review.travel.rakuten.co.jp/hotel/voice/31675/19057800
116,草津温泉　中村屋旅館＜群馬県＞,群馬県,https://travel.rakuten.co.jp/HOTEL/31675/31675.html,https://review.travel.rakuten.co.jp/hotel/voice/31675/18642515
117,草津温泉　中村屋旅館＜群馬県＞,群馬県,https://travel.rakuten.co.jp/HOTEL/31675/31675.html,https://review.travel.rakuten.co.jp/hotel/voice/31675/18403435
118,矢指ヶ浦温泉館,千葉県,https://travel.rakuten.co.jp/HOTEL/50177/50177.html,https://review.travel.rakuten.co.jp/hotel/voice/50177/20090492
119,矢指ヶ浦温泉館,千葉県,https://travel.rakuten.co.jp/HOTEL/50177/50177.html,https://review.travel.rakuten.co.jp/hotel/voice/50177/19981244
120,矢指ヶ浦温泉館,千葉県,https://travel.rakuten.co.jp/HOTEL/50177/50177.html,https://review.travel.rakuten.co.jp/hotel/voice/50177/19169504
121,川湯温泉　温泉民宿　大村屋,和歌山県,https://travel.rakuten.co.jp/HOTEL/14567/14567.html,https://review.travel.rakuten.co.jp/hotel/voice/14567/20701370
122,川湯温泉　温泉民宿　大村屋,和歌山県,https://travel.rakuten.co.jp/HOTEL/14567/14567.html,https://review.travel.rakuten.co.jp/hotel/voice/14567/20609186
123,川湯温泉　温泉民宿　大村屋,和歌山県,https://travel.rakuten.co.jp/HOTEL/14567/14567.html,https://review.travel.rakuten.co.jp/hotel/voice/14567/20275284
124,白峰温泉　白山苑,石川県,https://travel.rakuten.co.jp/HOTEL/28340/28340.html,https://review.travel.rakuten.co.jp/hotel/voice/28340/18707501
125,白峰温泉　白山苑,石川県,https://travel.rakuten.co.jp/HOTEL/28340/28340.html,https://review.travel.rakuten.co.jp/hotel/voice/28340/17978799
126,白峰温泉　白山苑,石川県,https://travel.rakuten.co.jp/HOTEL/28340/28340.html,https://review.travel.rakuten.co.jp/hotel/voice/28340/14803450
127,緑渓の湯宿　とくさ,群馬県,https://travel.rakuten.co.jp/HOTEL/128481/128481.html,https://review.travel.rakuten.co.jp/hotel/voice/128481/15426538
128,緑渓の湯宿　とくさ,群馬県,https://travel.rakuten.co.jp/HOTEL/128481/128481.html,https://review.travel.rakuten.co.jp/hotel/voice/128481/15279003
129,緑渓の湯宿　とくさ,群馬県,https://travel.rakuten.co.jp/HOTEL/128481/128481.html,https://review.travel.rakuten.co.jp/hotel/voice/128481/13333283
130,湯平温泉　癒しの宿　鷹勝,大分県,https://travel.rakuten.co.jp/HOTEL/144993/144993.html,https://review.travel.rakuten.co.jp/hotel/voice/144993/20913449
131,湯平温泉　癒しの宿　鷹勝,大分県,https://travel.rakuten.co.jp/HOTEL/144993/144993.html,https://review.travel.rakuten.co.jp/hotel/voice/144993/20293840
132,湯平温泉　癒しの宿　鷹勝,大分県,https://travel.rakuten.co.jp/HOTEL/144993/144993.html,https://review.travel.rakuten.co.jp/hotel/voice/144993/16737112
133,猿ヶ京温泉　山と湖の絶景に浮かぶ宿　料理旅館　樋口,群馬県,https://travel.rakuten.co.jp/HOTEL/11199/11199.html,https://review.travel.rakuten.co.jp/hotel/voice/11199/20651497
134,猿ヶ京温泉　山と湖の絶景に浮かぶ宿　料理旅館　樋口,群馬県,https://travel.rakuten.co.jp/HOTEL/11199/11199.html,https://review.travel.rakuten.co.jp/hotel/voice/11199/17841484
135,猿ヶ京温泉　山と湖の絶景に浮かぶ宿　料理旅館　樋口,群馬県,https://travel.rakuten.co.jp/HOTEL/11199/11199.html,https://review.travel.rakuten.co.jp/hotel/voice/11199/17135865
136,嬉野温泉　御宿　高砂,佐賀県,https://travel.rakuten.co.jp/HOTEL/28965/28965.html,https://review.travel.rakuten.co.jp/hotel/voice/28965/13170041
137,嬉野温泉　御宿　高砂,佐賀県,https://travel.rakuten.co.jp/HOTEL/28965/28965.html,https://review.travel.rakuten.co.jp/hotel/voice/28965/13104376
138,嬉野温泉　御宿　高砂,佐賀県,https://travel.rakuten.co.jp/HOTEL/28965/28965.html,https://review.travel.rakuten.co.jp/hotel/voice/28965/12618132
139,かくのだて温泉　町宿　ねこの鈴,秋田県,https://travel.rakuten.co.jp/HOTEL/147002/147002.html,https://review.travel.rakuten.co.jp/hotel/voice/147002/20799617
140,かくのだて温泉　町宿　ねこの鈴,秋田県,https://travel.rakuten.co.jp/HOTEL/147002/147002.html,https://review.travel.rakuten.co.jp/hotel/voice/147002/19918602
141,かくのだて温泉　町宿　ねこの鈴,秋田県,https://travel.rakuten.co.jp/HOTEL/147002/147002.html,https://review.travel.rakuten.co.jp/hotel/voice/147002/13817537
142,仙石原温泉　温泉旅館みたけ,神奈川県,https://travel.rakuten.co.jp/HOTEL/2507/2507.html,https://review.travel.rakuten.co.jp/hotel/voice/2507/20119699
143,仙石原温泉　温泉旅館みたけ,神奈川県,https://travel.rakuten.co.jp/HOTEL/2507/2507.html,https://review.travel.rakuten.co.jp/hotel/voice/2507/18964640
144,仙石原温泉　温泉旅館みたけ,神奈川県,https://travel.rakuten.co.jp/HOTEL/2507/2507.html,https://review.travel.rakuten.co.jp/hotel/voice/2507/17789658
145,小野川温泉　亀屋万年閣,山形県,https://travel.rakuten.co.jp/HOTEL/27911/27911.html,https://review.travel.rakuten.co.jp/hotel/voice/27911/21100805
146,小野川温泉　亀屋万年閣,山形県,https://travel.rakuten.co.jp/HOTEL/27911/27911.html,https://review.travel.rakuten.co.jp/hotel/voice/27911/21001195
147,小野川温泉　亀屋万年閣,山形県,https://travel.rakuten.co.jp/HOTEL/27911/27911.html,https://review.travel.rakuten.co.jp/hotel/voice/27911/18834238
148,白布温泉　湯滝の宿　西屋,山形県,https://travel.rakuten.co.jp/HOTEL/78083/78083.html,https://review.travel.rakuten.co.jp/hotel/voice/78083/20554346
149,白布温泉　湯滝の宿　西屋,山形県,https://travel.rakuten.co.jp/HOTEL/78083/78083.html,https://review.travel.rakuten.co.jp/hotel/voice/78083/16632351
150,白布温泉　湯滝の宿　西屋,山形県,https://travel.rakuten.co.jp/HOTEL/78083/78083.html,https://review.travel.rakuten.co.jp/hotel/voice/78083/15067228
151,伊豆高原　猫のいるお宿　プチホテル　フロマージュ,静岡県,https://travel.rakuten.co.jp/HOTEL/80659/80659.html,https://review.travel.rakuten.co.jp/hotel/voice/80659/20339691
152,伊豆高原　猫のいるお宿　プチホテル　フロマージュ,静岡県,https://travel.rakuten.co.jp/HOTEL/80659/80659.html,https://review.travel.rakuten.co.jp/hotel/voice/80659/19847491
153,伊豆高原　猫のいるお宿　プチホテル　フロマージュ,静岡県,https://travel.rakuten.co.jp/HOTEL/80659/80659.html,https://review.travel.rakuten.co.jp/hotel/voice/80659/17250249
154,豊富温泉　川島旅館,北海道,https://travel.rakuten.co.jp/HOTEL/106185/106185.html,https://review.travel.rakuten.co.jp/hotel/voice/106185/20516519
155,豊富温泉　川島旅館,北海道,https://travel.rakuten.co.jp/HOTEL/106185/106185.html,https://review.travel.rakuten.co.jp/hotel/voice/106185/19687734
156,豊富温泉　川島旅館,北海道,https://travel.rakuten.co.jp/HOTEL/106185/106185.html,https://review.travel.rakuten.co.jp/hotel/voice/106185/19522334
157,和モダンな温泉旅館　湯布院らんぷの宿,大分県,https://travel.rakuten.co.jp/HOTEL/166507/166507.html,https://review.travel.rakuten.co.jp/hotel/voice/166507/17176993
158,和モダンな温泉旅館　湯布院らんぷの宿,大分県,https://travel.rakuten.co.jp/HOTEL/166507/166507.html,https://review.travel.rakuten.co.jp/hotel/voice/166507/17157003
159,和モダンな温泉旅館　湯布院らんぷの宿,大分県,https://travel.rakuten.co.jp/HOTEL/166507/166507.html,https://review.travel.rakuten.co.jp/hotel/voice/166507/17155114
160,別府温泉　新玉旅館,大分県,https://travel.rakuten.co.jp/HOTEL/40679/40679.html,https://review.travel.rakuten.co.jp/hotel/voice/40679/20087657
161,別府温泉　新玉旅館,大分県,https://travel.rakuten.co.jp/HOTEL/40679/40679.html,https://review.travel.rakuten.co.jp/hotel/voice/40679/18886855
162,別府温泉　新玉旅館,大分県,https://travel.rakuten.co.jp/HOTEL/40679/40679.html,https://review.travel.rakuten.co.jp/hotel/voice/40679/18886777
163,大洞窟の宿　湯楽亭,熊本県,https://travel.rakuten.co.jp/HOTEL/41878/41878.html,https://review.travel.rakuten.co.jp/hotel/voice/41878/20209968
164,大洞窟の宿　湯楽亭,熊本県,https://travel.rakuten.co.jp/HOTEL/41878/41878.html,https://review.travel.rakuten.co.jp/hotel/voice/41878/19823768
165,大洞窟の宿　湯楽亭,熊本県,https://travel.rakuten.co.jp/HOTEL/41878/41878.html,https://review.travel.rakuten.co.jp/hotel/voice/41878/18846289
166,浅間温泉　錦の湯　地本屋,長野県,https://travel.rakuten.co.jp/HOTEL/7287/7287.html,https://review.travel.rakuten.co.jp/hotel/voice/7287/14597447
167,浅間温泉　錦の湯　地本屋,長野県,https://travel.rakuten.co.jp/HOTEL/7287/7287.html,https://review.travel.rakuten.co.jp/hotel/voice/7287/13631331
168,浅間温泉　錦の湯　地本屋,長野県,https://travel.rakuten.co.jp/HOTEL/7287/7287.html,https://review.travel.rakuten.co.jp/hotel/voice/7287/11315324
169,野沢温泉　桐屋旅館,長野県,https://travel.rakuten.co.jp/HOTEL/72870/72870.html,https://review.travel.rakuten.co.jp/hotel/voice/72870/20126742
170,野沢温泉　桐屋旅館,長野県,https://travel.rakuten.co.jp/HOTEL/72870/72870.html,https://review.travel.rakuten.co.jp/hotel/voice/72870/18880687
171,野沢温泉　桐屋旅館,長野県,https://travel.rakuten.co.jp/HOTEL/72870/72870.html,https://review.travel.rakuten.co.jp/hotel/voice/72870/17675630
172,四万温泉　貸切風呂の宿　鍾寿館,群馬県,https://travel.rakuten.co.jp/HOTEL/76853/76853.html,https://review.travel.rakuten.co.jp/hotel/voice/76853/20617339
173,四万温泉　貸切風呂の宿　鍾寿館,群馬県,https://travel.rakuten.co.jp/HOTEL/76853/76853.html,https://review.travel.rakuten.co.jp/hotel/voice/76853/20072684
174,四万温泉　貸切風呂の宿　鍾寿館,群馬県,https://travel.rakuten.co.jp/HOTEL/76853/76853.html,https://review.travel.rakuten.co.jp/hotel/voice/76853/15903192
175,湯宿　飛鳥,宮城県,https://travel.rakuten.co.jp/HOTEL/149204/149204.html,https://review.travel.rakuten.co.jp/hotel/voice/149204/17204410
176,湯宿　飛鳥,宮城県,https://travel.rakuten.co.jp/HOTEL/149204/149204.html,https://review.travel.rakuten.co.jp/hotel/voice/149204/15307236
177,湯宿　飛鳥,宮城県,https://travel.rakuten.co.jp/HOTEL/149204/149204.html,https://review.travel.rakuten.co.jp/hotel/voice/149204/13501044
178,咲花温泉　碧水荘,新潟県,https://travel.rakuten.co.jp/HOTEL/16184/16184.html,https://review.travel.rakuten.co.jp/hotel/voice/16184/21063690
179,咲花温泉　碧水荘,新潟県,https://travel.rakuten.co.jp/HOTEL/16184/16184.html,https://review.travel.rakuten.co.jp/hotel/voice/16184/19482475
180,咲花温泉　碧水荘,新潟県,https://travel.rakuten.co.jp/HOTEL/16184/16184.html,https://review.travel.rakuten.co.jp/hotel/voice/16184/4510760
181,天童温泉　松伯亭　あづま荘,山形県,https://travel.rakuten.co.jp/HOTEL/18363/18363.html,https://review.travel.rakuten.co.jp/hotel/voice/18363/18758159
182,天童温泉　松伯亭　あづま荘,山形県,https://travel.rakuten.co.jp/HOTEL/18363/18363.html,https://review.travel.rakuten.co.jp/hotel/voice/18363/17208001
183,天童温泉　松伯亭　あづま荘,山形県,https://travel.rakuten.co.jp/HOTEL/18363/18363.html,https://review.travel.rakuten.co.jp/hotel/voice/18363/15100407
184,杖立温泉　葉隠館,熊本県,https://travel.rakuten.co.jp/HOTEL/28586/28586.html,https://review.travel.rakuten.co.jp/hotel/voice/28586/9324101
185,杖立温泉　葉隠館,熊本県,https://travel.rakuten.co.jp/HOTEL/28586/28586.html,https://review.travel.rakuten.co.jp/hotel/voice/28586/3877819
186,杖立温泉　葉隠館,熊本県,https://travel.rakuten.co.jp/HOTEL/28586/28586.html,https://review.travel.rakuten.co.jp/hotel/voice/28586/3070266
187,鳴子温泉郷　いさぜん旅館,宮城県,https://travel.rakuten.co.jp/HOTEL/38465/38465.html,https://review.travel.rakuten.co.jp/hotel/voice/38465/18096203
188,鳴子温泉郷　いさぜん旅館,宮城県,https://travel.rakuten.co.jp/HOTEL/38465/38465.html,https://review.travel.rakuten.co.jp/hotel/voice/38465/17218475
189,鳴子温泉郷　いさぜん旅館,宮城県,https://travel.rakuten.co.jp/HOTEL/38465/38465.html,https://review.travel.rakuten.co.jp/hotel/voice/38465/10944694
190,中川温泉　魚山亭やまぶき,神奈川県,https://travel.rakuten.co.jp/HOTEL/5080/5080.html,https://review.travel.rakuten.co.jp/hotel/voice/5080/13708161
191,中川温泉　魚山亭やまぶき,神奈川県,https://travel.rakuten.co.jp/HOTEL/5080/5080.html,https://review.travel.rakuten.co.jp/hotel/voice/5080/13666026
192,中川温泉　魚山亭やまぶき,神奈川県,https://travel.rakuten.co.jp/HOTEL/5080/5080.html,https://review.travel.rakuten.co.jp/hotel/voice/5080/13408267
193,平山温泉　旅館　かどや＜熊本県＞,熊本県,https://travel.rakuten.co.jp/HOTEL/55901/55901.html,https://review.travel.rakuten.co.jp/hotel/voice/55901/13889753
194,平山温泉　旅館　かどや＜熊本県＞,熊本県,https://travel.rakuten.co.jp/HOTEL/55901/55901.html,https://review.travel.rakuten.co.jp/hotel/voice/55901/11174489
195,平山温泉　旅館　かどや＜熊本県＞,熊本県,https://travel.rakuten.co.jp/HOTEL/55901/55901.html,https://review.travel.rakuten.co.jp/hotel/voice/55901/10837862
196,那須温泉　小林館,栃木県,https://travel.rakuten.co.jp/HOTEL/8093/8093.html,https://review.travel.rakuten.co.jp/hotel/voice/8093/19290333
197,那須温泉　小林館,栃木県,https://travel.rakuten.co.jp/HOTEL/8093/8093.html,https://review.travel.rakuten.co.jp/hotel/voice/8093/18652205
198,那須温泉　小林館,栃木県,https://travel.rakuten.co.jp/HOTEL/8093/8093.html,https://review.travel.rakuten.co.jp/hotel/voice/8093/16526725
199,妙見温泉　田島本館,鹿児島県,https://travel.rakuten.co.jp/HOTEL/84676/84676.html,https://review.travel.rakuten.co.jp/hotel/voice/84676/20279876
200,妙見温泉　田島本館,鹿児島県,https://travel.rakuten.co.jp/HOTEL/84676/84676.html,https://review.travel.rakuten.co.jp/hotel/voice/84676/18936202
201,妙見温泉　田島本館,鹿児島県,https://travel.rakuten.co.jp/HOTEL/84676/84676.html,https://review.travel.rakuten.co.jp/hotel/voice/84676/18107919
202,シャトレーゼホテル　旅館　富士野屋,山梨県,https://travel.rakuten.co.jp/HOTEL/9121/9121.html,https://review.travel.rakuten.co.jp/hotel/voice/9121/14114723
203,シャトレーゼホテル　旅館　富士野屋,山梨県,https://travel.rakuten.co.jp/HOTEL/9121/9121.html,https://review.travel.rakuten.co.jp/hotel/voice/9121/13810482
204,シャトレーゼホテル　旅館　富士野屋,山梨県,https://travel.rakuten.co.jp/HOTEL/9121/9121.html,https://review.travel.rakuten.co.jp/hotel/voice/9121/13480701
205,那須温泉　那須和牛の宿　プチペンション　ラハーユ,栃木県,https://travel.rakuten.co.jp/HOTEL/107878/107878.html,https://review.travel.rakuten.co.jp/hotel/voice/107878/20545871
206,那須温泉　那須和牛の宿　プチペンション　ラハーユ,栃木県,https://travel.rakuten.co.jp/HOTEL/107878/107878.html,https://review.travel.rakuten.co.jp/hotel/voice/107878/19501066
207,湯西川温泉　桓武平氏ゆかりの宿　揚羽〜ＡＧＥＨＡ〜,栃木県,https://travel.rakuten.co.jp/HOTEL/108937/108937.html,https://review.travel.rakuten.co.jp/hotel/voice/108937/14180850
208,湯西川温泉　桓武平氏ゆかりの宿　揚羽〜ＡＧＥＨＡ〜,栃木県,https://travel.rakuten.co.jp/HOTEL/108937/108937.html,https://review.travel.rakuten.co.jp/hotel/voice/108937/13728920
209,湯野浜温泉　はまあかり潮音閣,山形県,https://travel.rakuten.co.jp/HOTEL/11069/11069.html,https://review.travel.rakuten.co.jp/hotel/voice/11069/16046765
210,湯野浜温泉　はまあかり潮音閣,山形県,https://travel.rakuten.co.jp/HOTEL/11069/11069.html,https://review.travel.rakuten.co.jp/hotel/voice/11069/15921659
211,早太郎温泉　山野草の宿　二人静,長野県,https://travel.rakuten.co.jp/HOTEL/13447/13447.html,https://review.travel.rakuten.co.jp/hotel/voice/13447/18977527
212,早太郎温泉　山野草の宿　二人静,長野県,https://travel.rakuten.co.jp/HOTEL/13447/13447.html,https://review.travel.rakuten.co.jp/hotel/voice/13447/18529067
213,山の宿　野中温泉,北海道,https://travel.rakuten.co.jp/HOTEL/145340/145340.html,https://review.travel.rakuten.co.jp/hotel/voice/145340/20372119
214,山の宿　野中温泉,北海道,https://travel.rakuten.co.jp/HOTEL/145340/145340.html,https://review.travel.rakuten.co.jp/hotel/voice/145340/11891890
215,塩原温泉　赤沢温泉旅館,栃木県,https://travel.rakuten.co.jp/HOTEL/149003/149003.html,https://review.travel.rakuten.co.jp/hotel/voice/149003/15557461
216,塩原温泉　赤沢温泉旅館,栃木県,https://travel.rakuten.co.jp/HOTEL/149003/149003.html,https://review.travel.rakuten.co.jp/hotel/voice/149003/15268515
217,星灯りの宿まほろば,宮城県,https://travel.rakuten.co.jp/HOTEL/149106/149106.html,https://review.travel.rakuten.co.jp/hotel/voice/149106/14700711
218,星灯りの宿まほろば,宮城県,https://travel.rakuten.co.jp/HOTEL/149106/149106.html,https://review.travel.rakuten.co.jp/hotel/voice/149106/13619672
219,日本三秘湯　谷地温泉,青森県,https://travel.rakuten.co.jp/HOTEL/149172/149172.html,https://review.travel.rakuten.co.jp/hotel/voice/149172/19067160
220,日本三秘湯　谷地温泉,青森県,https://travel.rakuten.co.jp/HOTEL/149172/149172.html,https://review.travel.rakuten.co.jp/hotel/voice/149172/13669313
221,四季の湯宿　梅屋山荘,茨城県,https://travel.rakuten.co.jp/HOTEL/149460/149460.html,https://review.travel.rakuten.co.jp/hotel/voice/149460/20952218
222,四季の湯宿　梅屋山荘,茨城県,https://travel.rakuten.co.jp/HOTEL/149460/149460.html,https://review.travel.rakuten.co.jp/hotel/voice/149460/19683528
223,石部温泉　露天風呂の宿　いでゆ荘,静岡県,https://travel.rakuten.co.jp/HOTEL/151292/151292.html,https://review.travel.rakuten.co.jp/hotel/voice/151292/18394623
224,石部温泉　露天風呂の宿　いでゆ荘,静岡県,https://travel.rakuten.co.jp/HOTEL/151292/151292.html,https://review.travel.rakuten.co.jp/hotel/voice/151292/16017823
225,海とエステと美肌風呂の宿　天使のイルカ！,静岡県,https://travel.rakuten.co.jp/HOTEL/15950/15950.html,https://review.travel.rakuten.co.jp/hotel/voice/15950/18433263
226,海とエステと美肌風呂の宿　天使のイルカ！,静岡県,https://travel.rakuten.co.jp/HOTEL/15950/15950.html,https://review.travel.rakuten.co.jp/hotel/voice/15950/17828382
227,大分キャセイホテル,大分県,https://travel.rakuten.co.jp/HOTEL/15972/15972.html,https://review.travel.rakuten.co.jp/hotel/voice/15972/11369753
228,大分キャセイホテル,大分県,https://travel.rakuten.co.jp/HOTEL/15972/15972.html,https://review.travel.rakuten.co.jp/hotel/voice/15972/11330975
229,鉄輪温泉　かんなわ　ゆの香（レトロ館）,大分県,https://travel.rakuten.co.jp/HOTEL/163057/163057.html,https://review.travel.rakuten.co.jp/hotel/voice/163057/15967786
230,鉄輪温泉　かんなわ　ゆの香（レトロ館）,大分県,https://travel.rakuten.co.jp/HOTEL/163057/163057.html,https://review.travel.rakuten.co.jp/hotel/voice/163057/15843270
231,鵜の浜温泉　美味海食　汐彩の湯　みかく,新潟県,https://travel.rakuten.co.jp/HOTEL/18718/18718.html,https://review.travel.rakuten.co.jp/hotel/voice/18718/17969935
232,鵜の浜温泉　美味海食　汐彩の湯　みかく,新潟県,https://travel.rakuten.co.jp/HOTEL/18718/18718.html,https://review.travel.rakuten.co.jp/hotel/voice/18718/14560702
233,民宿　銀松,石川県,https://travel.rakuten.co.jp/HOTEL/19323/19323.html,https://review.travel.rakuten.co.jp/hotel/voice/19323/11861923
234,民宿　銀松,石川県,https://travel.rakuten.co.jp/HOTEL/19323/19323.html,https://review.travel.rakuten.co.jp/hotel/voice/19323/8639010
235,東根温泉　青松館,山形県,https://travel.rakuten.co.jp/HOTEL/19415/19415.html,https://review.travel.rakuten.co.jp/hotel/voice/19415/16235268
236,東根温泉　青松館,山形県,https://travel.rakuten.co.jp/HOTEL/19415/19415.html,https://review.travel.rakuten.co.jp/hotel/voice/19415/5931390
237,穂高温泉郷　檜湯の宿　松伯,長野県,https://travel.rakuten.co.jp/HOTEL/74534/74534.html,https://review.travel.rakuten.co.jp/hotel/voice/74534/13687511
238,穂高温泉郷　檜湯の宿　松伯,長野県,https://travel.rakuten.co.jp/HOTEL/74534/74534.html,https://review.travel.rakuten.co.jp/hotel/voice/74534/13671213
239,小野川温泉　名湯の宿　吾妻荘,山形県,https://travel.rakuten.co.jp/HOTEL/75394/75394.html,https://review.travel.rakuten.co.jp/hotel/voice/75394/18469325
240,小野川温泉　名湯の宿　吾妻荘,山形県,https://travel.rakuten.co.jp/HOTEL/75394/75394.html,https://review.travel.rakuten.co.jp/hotel/voice/75394/14912457
241,鳴子温泉　名湯の宿　鳴子ホテル,宮城県,https://travel.rakuten.co.jp/HOTEL/106199/106199.html,https://review.travel.rakuten.co.jp/hotel/voice/106199/17207022
242,信州渋温泉　洗心館　松屋,長野県,https://travel.rakuten.co.jp/HOTEL/108097/108097.html,https://review.travel.rakuten.co.jp/hotel/voice/108097/17222920
243,塩原元湯温泉　ゑびすや,栃木県,https://travel.rakuten.co.jp/HOTEL/109188/109188.html,https://review.travel.rakuten.co.jp/hotel/voice/109188/21032210
244,植木温泉　旅館　桐乃湯,熊本県,https://travel.rakuten.co.jp/HOTEL/109388/109388.html,https://review.travel.rakuten.co.jp/hotel/voice/109388/10865997
245,旅館梅屋,茨城県,https://travel.rakuten.co.jp/HOTEL/10961/10961.html,https://review.travel.rakuten.co.jp/hotel/voice/10961/18313320
246,和倉温泉　ゆけむりの宿美湾荘,石川県,https://travel.rakuten.co.jp/HOTEL/11144/11144.html,https://review.travel.rakuten.co.jp/hotel/voice/11144/18655653
247,湯の澤温泉　地蔵の湯,山形県,https://travel.rakuten.co.jp/HOTEL/11356/11356.html,https://review.travel.rakuten.co.jp/hotel/voice/11356/16554569
248,ペンション　プリンス,静岡県,https://travel.rakuten.co.jp/HOTEL/130641/130641.html,https://review.travel.rakuten.co.jp/hotel/voice/130641/19144991
249,ペンションＢｅ,群馬県,https://travel.rakuten.co.jp/HOTEL/136259/136259.html,https://review.travel.rakuten.co.jp/hotel/voice/136259/20457813
250,文覚荘,神奈川県,https://travel.rakuten.co.jp/HOTEL/136922/136922.html,https://review.travel.rakuten.co.jp/hotel/voice/136922/17230415
251,Ｔａｂｉｓｔ　山鹿温泉　湯宿　湶,熊本県,https://travel.rakuten.co.jp/HOTEL/139756/139756.html,https://review.travel.rakuten.co.jp/hotel/voice/139756/17989184
252,御宿　はなわらび,福岡県,https://travel.rakuten.co.jp/HOTEL/139901/139901.html,https://review.travel.rakuten.co.jp/hotel/voice/139901/16547739
253,富士山健康開運温泉　猫と犬の宿ペンションブルーポピー,山梨県,https://travel.rakuten.co.jp/HOTEL/14068/14068.html,https://review.travel.rakuten.co.jp/hotel/voice/14068/20073854
254,オーベルジュ　ミヨー,静岡県,https://travel.rakuten.co.jp/HOTEL/141268/141268.html,https://review.travel.rakuten.co.jp/hotel/voice/141268/14122330
255,妙見温泉　楽園荘,鹿児島県,https://travel.rakuten.co.jp/HOTEL/142193/142193.html,https://review.travel.rakuten.co.jp/hotel/voice/142193/15872682
256,筋湯温泉　宿房　花しのぶ,大分県,https://travel.rakuten.co.jp/HOTEL/145290/145290.html,https://review.travel.rakuten.co.jp/hotel/voice/145290/19718679
257,はわい温泉　望湖楼,鳥取県,https://travel.rakuten.co.jp/HOTEL/14991/14991.html,https://review.travel.rakuten.co.jp/hotel/voice/14991/8089523
258,吉良温泉　民宿　オサキ,愛知県,https://travel.rakuten.co.jp/HOTEL/15598/15598.html,https://review.travel.rakuten.co.jp/hotel/voice/15598/19123387
259,農家民宿　ニャンバーワン,鹿児島県,https://travel.rakuten.co.jp/HOTEL/158359/158359.html,https://review.travel.rakuten.co.jp/hotel/voice/158359/14547501
260,箱根風雅,神奈川県,https://travel.rakuten.co.jp/HOTEL/162753/162753.html,https://review.travel.rakuten.co.jp/hotel/voice/162753/18409248
261,昼神温泉　料理旅館むらさわ,長野県,https://travel.rakuten.co.jp/HOTEL/16722/16722.html,https://review.travel.rakuten.co.jp/hotel/voice/16722/13120809
262,ゲストカフェ　口熊野,和歌山県,https://travel.rakuten.co.jp/HOTEL/172588/172588.html,https://review.travel.rakuten.co.jp/hotel/voice/172588/16330937
263,山とねこと遊ぶ宿　みなみ家（旧　割烹旅館みなみ家＆別邸ねこ処みなみ家）,長野県,https://travel.rakuten.co.jp/HOTEL/17527/17527.html,https://review.travel.rakuten.co.jp/hotel/voice/17527/14435216
264,四万十源流癒しの里　郷麓温泉,高知県,https://travel.rakuten.co.jp/HOTEL/179007/179007.html,https://review.travel.rakuten.co.jp/hotel/voice/179007/19139301
265,和モダン温泉館　湯布院あかりの宿,大分県,https://travel.rakuten.co.jp/HOTEL/179191/179191.html,https://review.travel.rakuten.co.jp/hotel/voice/179191/19353757
266,穴原温泉　ペットと泊まれる宿　おきな旅館,福島県,https://travel.rakuten.co.jp/HOTEL/20567/20567.html,https://review.travel.rakuten.co.jp/hotel/voice/20567/20187205
267,磐梯熱海温泉　紅葉館きらくや,福島県,https://travel.rakuten.co.jp/HOTEL/2094/2094.html,https://review.travel.rakuten.co.jp/hotel/voice/2094/12583869
268,草津温泉　ホテルスパックス草津,群馬県,https://travel.rakuten.co.jp/HOTEL/2398/2398.html,https://review.travel.rakuten.co.jp/hotel/voice/2398/7581383
269,奥土湯温泉郷　山峡のいで湯　小滝温泉,福島県,https://travel.rakuten.co.jp/HOTEL/27769/27769.html,https://review.travel.rakuten.co.jp/hotel/voice/27769/17601637
270,花巻　台温泉　松田屋旅館,岩手県,https://travel.rakuten.co.jp/HOTEL/28005/28005.html,https://review.travel.rakuten.co.jp/hotel/voice/28005/16109235
271,民宿あおば,奈良県,https://travel.rakuten.co.jp/HOTEL/28265/28265.html,https://review.travel.rakuten.co.jp/hotel/voice/28265/16220683
272,二岐温泉　やすらぎの宿　桂祗荘,福島県,https://travel.rakuten.co.jp/HOTEL/29233/29233.html,https://review.travel.rakuten.co.jp/hotel/voice/29233/10377359
273,ホテル　ダイキ,大阪府,https://travel.rakuten.co.jp/HOTEL/29313/29313.html,https://review.travel.rakuten.co.jp/hotel/voice/29313/20687064
274,越後平野と弥彦連山一望の宿　穂々　―ｈｏｈｏ―,新潟県,https://travel.rakuten.co.jp/HOTEL/29686/29686.html,https://review.travel.rakuten.co.jp/hotel/voice/29686/15867736
275,赤城高原温泉　山屋蒼月,群馬県,https://travel.rakuten.co.jp/HOTEL/29836/29836.html,https://review.travel.rakuten.co.jp/hotel/voice/29836/18894035
276,霧島温泉　旅の湯（旧　野々湯温泉）,鹿児島県,https://travel.rakuten.co.jp/HOTEL/30146/30146.html,https://review.travel.rakuten.co.jp/hotel/voice/30146/17410566
277,越後湯沢　ホテルニューモンド,新潟県,https://travel.rakuten.co.jp/HOTEL/3046/3046.html,https://review.travel.rakuten.co.jp/hotel/voice/3046/15280278
278,由布院温泉　別荘　ふるさと,大分県,https://travel.rakuten.co.jp/HOTEL/30752/30752.html,https://review.travel.rakuten.co.jp/hotel/voice/30752/17509235
279,宇佐美温泉　温泉民宿　海風荘,静岡県,https://travel.rakuten.co.jp/HOTEL/31562/31562.html,https://review.travel.rakuten.co.jp/hotel/voice/31562/5408901
280,渋温泉　歴史の宿　金具屋,長野県,https://travel.rakuten.co.jp/HOTEL/32044/32044.html,https://review.travel.rakuten.co.jp/hotel/voice/32044/14117908
281,草津温泉　ペンション　ブルーベル＜群馬県＞,群馬県,https://travel.rakuten.co.jp/HOTEL/38293/38293.html,https://review.travel.rakuten.co.jp/hotel/voice/38293/8559583
282,旅館　二美喜,北海道,https://travel.rakuten.co.jp/HOTEL/38503/38503.html,https://review.travel.rakuten.co.jp/hotel/voice/38503/13386237
