No,Title,Title_url,Text
1,道後温泉　八千代,https://travel.rakuten.co.jp/HOTEL/166206/166206.html,"車で到着したとき、少し場所がわかりにくかったですが、スタッフが、迎えに出てくれていて、助かりました。
スタッフは、皆丁寧な接客でした。特に、夕食、朝食を運んでくれた岩井さんは、素晴らしいです。
部屋も、明るく清潔でした。アメニティが、雪肌精で、妻がとても喜んでました。
部屋付き露天風呂も、清潔で気持ち良かったです。
食事も、美味しいです。刺身の活きが良いです。
妻が、また来たい、と言ってました。
全体的に、好印象でした。"
2,道後温泉　八千代,https://travel.rakuten.co.jp/HOTEL/166206/166206.html,"先日は大変丁寧な接客をしていただき、とても気持ちよく旅行を楽しむことができました。ありがとうございます。

お部屋も真新しくて、掃除も行き届いており、100点満点。
布団はあがりのある一角化に敷いてあり、とっても雰囲気がありました。

夕食はお部屋で頂けて、椅子タイプのテーブル席だったので脚もラクチン。
なによりお料理の見た目も美しく、お刺身も活きが良くて、どれも美味しく、提供されるタイミングも丁度よかったです。
飲み物などの注文は備え付けのタブレットからで、わざわざ呼ぶ手間もなく好きなタイミングでお願いできました。
そして持ってくるスピードもとても早かったです。

愛媛の特産物、鯛、伊予牛、松山鯛めし、ミカン（せとか）などをたっぷりと満喫できます。
デザートもフルーツ、アイス、コンポートゼリーと少しずつの量で種類を食べられて幸せの三点セット。
特別に出して頂いたフグのからあげもとっても美味しかったです。実はフグが食べたくてお店を探していたくらいだったので、出てきた時は驚きと同時に、嬉しくてテンションが上がりました。

半露天つきのお部屋なので、道後のお湯を自分のタイミングで入れるのがとっても贅沢です。
シャワールームと、半露天風呂がついており、湯船がとーーっても広々！
小柄な私は寝て浮くことができました。（ぼっちゃん泳ぐべからずを体験）
住宅街の中にあるため外の景色はほぼ見えませんが、天井に綺麗な光の波紋が反射していて、湯船に浮かびながらそれを見ていたら最高にリラックスできます。

アメニティも女性に必要なセットが揃っていて、手ぶらで来ても安心です。
贅沢にも雪肌精の乳液をお風呂上りにたっぷりと塗ることができて、肌もつやつや。
タオルも余分にあるため複数回お風呂に入っても気持ちいい。

お宿の立地は道後駅からほんの少しだけ離れていますが、道中の半分はアーケードの商店街を歩くので苦にならないです。
飛鳥の湯にもアクセス良好で、近くには雰囲気のいいバーもあって夜道も女一人でも安心して歩けました。
道を一本奥に行くとピンク街があるので、細い坂道から行くと商店街まで便利です。

胸を張って知り合いに紹介したいお宿です。"
3,道後温泉　八千代,https://travel.rakuten.co.jp/HOTEL/166206/166206.html,"2020年3月14日に宿泊させていただきました。
不安定な情勢ですが、この日は満室だったようです。
お部屋、お食事、お風呂、接客のどこをとっても素晴らしかったです。

気に入った点は沢山ありましたが、個人的にはドライヤーがパナソニックの18年製のものだったことに感動いたしました…普段は自宅のものを持っていくのですが、荷物削減のために今回は持って行っていなかったので。
また、雪肌精の化粧水、乳液、クレンジングも備え付けられていました。私は使用しませんでしたが、普段お使いの方にはうれしいポイントですね！
一泊でしたがタオルが大小4枚づつ備え付けられており、安心して何度も露天風呂をいただきました。
お風呂と食事をすべて部屋でいただけるので、滞在中に旅館内で他のお客様に遭遇することはなかったです。ゆっくり静かな休日を過ごせました。
次回道後を訪れる時は、またこちらを利用したいと思います。"
4,伊勢志摩の絶景　鳥羽グランドホテル,https://travel.rakuten.co.jp/HOTEL/19190/19190.html,"夫婦と生後半年の息子と利用しました。ロビーや大浴場などはとても綺麗で、どこからも海が見えて嬉しかったです。露天風呂からは星空が良く見えました。ウェルカムドリンクや種類の多いシャンプー等の貸し出し・女性の大浴場の方にはサロニアのドライヤーやスキンケアでは無印や雪肌精のものが常備されておりとても嬉しかったです。また、乳児を連れていたためあらかじめ連絡すると授乳クッションやオムツ用ゴミ箱、バンボなどを部屋に準備していてくれました。食事はバイキングでしたが、簡易ですが壁で席が仕切られており半個室のようでした。周囲も子連れのお客が多かったです。食事はどれも美味しかったです！伊勢海老も食べ放題なのは嬉しかったです。ただ、どこになにがあるか地図はもらえましたが伊勢海老はとても端っこにあり「これ？」と思うような置き方だったのでもう少しわかりやすくしてほしいと感じました。
スタッフは外国人の方が多かったです。
残念だった点は部屋の窓枠に煙草の吸い殻がそのまま置いてあり、掃除不備がありました。すぐ気づき対処していただけたので良かったですが、歩けるお子様がいたりすると誤飲の可能性もあるので怖いなと思います。これは自分のミスでもありますがチェックアウト後、財布を忘れたと思い電話で伝えましたが「部屋を確認しましたがありません」と言われました。しかし次の日にやっぱりありました、掃除スタッフが見落としていましたと連絡がきました。見つかったのは良かったですが、部屋掃除に関しては大丈夫かなと不安を覚えます。
新しい部屋等もあるみたいですが、部屋のお風呂等もリニューアルしてくれたらもっと快適に過ごせると感じました。
全体としては良いホテルだと思いますし、子連れ旅行にはもってこいだと思います。"
5,伊勢志摩の絶景　鳥羽グランドホテル,https://travel.rakuten.co.jp/HOTEL/19190/19190.html,過去にも訪れていて、こちらの宿がとても気に入っているので、再訪です。まず、ロビーから見える絶景に感動します。そして、ロビーに置かれたウェルカムドリンクをあれやこれやと飲みながら絶景を楽しめます。夕食バイキングはとても豪華で、最高にテンションが上がります。冬なので浦村の蒸し牡蠣！伊勢海老の陶板焼き、新鮮なお刺身たち、柔らかいヒレステーキ、漁師汁・・・。どれも美味しくて、地産を楽しめて最高です。デザートコーナーにひっそり置かれているクッキーがおても美味しくてびっくりしました。是非売り出してほしいくらいです。温泉は、好きなシャンプーを借りて使えたり、置かれている化粧水等が無印良品だったり雪肌精だったり、と色々選べて嬉しいです。海と島を見ながら入る露天風呂は最高です。とくに日の出を見ながら入るのは、いつまでも入っていたいくらい美しかったです。お部屋は古いかんじでしたが、部屋の冷蔵庫にフルーツをサービスしてもらっていたり、帰りにお土産をいただいたり、到着から帰るまで心満たされるサービスを受けることができます。また伺います。
6,伊勢志摩の絶景　鳥羽グランドホテル,https://travel.rakuten.co.jp/HOTEL/19190/19190.html,"お部屋はホテルのにお任せのプランで少し不安でしたが、すごく綺麗な桜のお部屋でした！
お部屋の冷蔵庫にフルーツが用意されていて他にはあまりないサービスですごく嬉しかったです！ウェルカムドリンクの種類も豊富で主人も子供も満足していました！そこにあったクッキーが絶品で夕食前なのに食べすぎてしまうほど美味しかったです！お土産などで売ってほしいくらいお気に入りです！

色んなホテルのバイキングに行きましたが断トツでここのバイキングが美味しかったです！伊勢海老の姿焼きやお鍋、蒸し牡蠣など豪華なものがたくさんあり本当に本当に美味しかったです！色んな種類のお水が用意されているところも細やかな気配りで嬉しく思いました！

お風呂のアメニティも雪肌精や無印良品が置いてあり、ドライヤーもPanasonicのナノケアが置いてあってシャンプーも色んなメーカーのものを貸し出してもらえるので本当に充実していました！ウォーターサーバーもあるのでお風呂上がりに冷たいお水も飲めて最高でした！

ひとつだけ残念だったのが、露天風呂までの道のりがかなり遠くて怖かった事です。この先何m等書いててくれるとよかったかな？と思います。


普段口コミを書くことなんてないのですが本当に大満足のお宿でしたので初めて投稿しました！コロナ禍で大変だと思いますが頑張ってください！宿泊後のご丁寧なお手紙も嬉しかったです！ありがとうございました(^^)"
7,宇奈月温泉　延対寺荘,https://travel.rakuten.co.jp/HOTEL/4804/4804.html,"小さい子どもがいるため、宇奈月温泉の宿の中で貸切風呂あり・夕食個室で絞って延対寺荘さんに決めました。
お部屋は想像を超えた広いお部屋を用意していただき、黒部川の眺めも最高でした。
今回ファミリープランで予約しましたが、夕食が広い個室、夕食時にビールまたはジュース1杯のサービス、記念写真付き、広い貸切露天風呂付き、チェックイン14時チェックアウト11時な点が大変助かりました。記念写真は、しっかりした台紙でプレゼントしてくださり感激しました。料理は品数が豊富で一品一品とても美味しくボリュームあり、幼児の食事も豪華で驚きました。夕食時のアルコール類、自販機含め飲み物類の金額は高かったです。
土曜夜の花火はフロント横の玄関を出てすぐのところで見ることができました。終了後には甘酒のサービス、嬉しかったです。
スタッフの方々は皆親切で、館内も清掃が行き届いており、どこからの眺めも絶景で、気持ち良く充実した時間を過ごすことができました。お風呂の数が多く、シャンプーバーやウォーターサーバーもあり、脱衣所のスキンケアは雪肌精が置いてあり至れり尽くせりでした。
口コミでは厳しい評価もありましたが、それが疑問に感じるほど個人的にはお気に入りでオススメしたい宿となりました。今回車で向かい送迎バスは利用しませんでしたが、すぐ近くの宇奈月温泉駅だけでなく北陸新幹線の黒部宇奈月温泉駅からも1日1本送迎バスが出ている点も決め手になりました。
全国旅行支援、楽天クーポンでお得に泊まれ大満足です。また機会があれば是非利用したいです。"
8,宇奈月温泉　延対寺荘,https://travel.rakuten.co.jp/HOTEL/4804/4804.html,5月26日に両親、叔母、子ども（2歳、0歳）と宿泊しました。部屋は広く、景色も良く、小さな和室もついていて子連れに便利でした。食事もリーズナブルなのに、見た目も味も良く大満足でした。露天風呂もすごく良かったです。風呂にはシャンプーバーがあったり、雪肌精の化粧水などが置いてあったのも、個人的にはとても嬉しかったです。また子どもにかわいい袋に入ったタオル、シャンプー、ボディーソープ、歯ブラシセットがあり、子どもが大喜びでした。
9,宇奈月温泉　延対寺荘,https://travel.rakuten.co.jp/HOTEL/4804/4804.html,"以下の悪かった点を覗き、細やかな気配りと改善が各所に見られて良かったです。
また、本当は川が見えないお部屋での予約だったにも関わらず、空いていたのか景色が見えるお部屋にしていただいておりました。ありがとうございました。

良い点
口コミのご指摘を受けて改善されたのだろうな、と思う箇所が随所に。努力されているのだなと思いました
接客が丁寧
古くても清潔
お風呂のアメニティーが雪肌精!!(透明な蓋が汚れていたので毎日拭く方が良いかと)

悪い点
総じてお風呂のセキュリティー対策に疑問。
露天風呂が橋やその奥のホテルから見えるので場所によっては注意。特に１階の露天に入るまでの歩く場所で丸見えになる。
露天風呂から廊下や部屋の窓が丸見え。そこか覗けるのでは？
地下露天風呂の脱衣所のドアに鍵がかからず、入り口に衝立など隠すものもないので、ドアを開けると脱衣所が丸見え。私は先に出られた方にドアを開けっぱなしにされ、お風呂を出たら廊下から丸見えで大変怖かったです。ちょうど１人しかおらず地下の奥なので誰かが来ても助けを呼べないかもと思い急いでドアを閉めて着替えて出ました。

別の温泉で盗撮にあったこともあるので、怖くてその後はお風呂に行けなくて残念でした。"
10,下田温泉　黒船ホテル,https://travel.rakuten.co.jp/HOTEL/1307/1307.html,クリスマスに夫と宿泊しました。お部屋に露天風呂（温泉）があったので人目も気にせず楽しむことができました。結構宿泊利用者は多かったと思いますが、客室は大変静かで落ち着きました。大浴場の脱衣所には鍵がついており、安心して入浴できました。全体的に設備の古さは感じますが、お手入れがなされているのでそんなに気になりませんでした。スタッフの方々の対応も良く、皆さんとても笑顔でした。廊下ですれ違うと立ち止まって挨拶してくださるスタッフさんもいらっしゃり、心が温かくなりました。アメニティも雪肌精やミキモトなどが揃っており、シャワーもミラブルでとても良かったです。また、レイトチェックアウトを最大限活用し、のんびりと過ごすことができました。またぜひ行きたいです。
11,下田温泉　黒船ホテル,https://travel.rakuten.co.jp/HOTEL/1307/1307.html,家族三人と犬二頭で行きました、まず車をどこに駐車するのか、荷物はホテルの前に駐車して降ろすのか誰もホテル前にいないので、勝手に前に停車させ荷物降ろしたけど、今まで行ったホテルはすぐに来てくれて荷物も手伝ってくれるのにと思いました、部屋はとても古い感じでしたがペットと一緒に泊まれるので仕方ないかな、部屋の露天風呂は景色も良く大満足です部屋も離れなのでペットがはしゃいでも問題ない感じです、ペット料金とってるのにアメニティが少なかったかな、化粧台には雪肌精とか良い化粧品があってテンション上がりました、ホテルの近くに道の駅や海沿いに公園があってペット連れには最高でした
12,下田温泉　黒船ホテル,https://travel.rakuten.co.jp/HOTEL/1307/1307.html,"子供2人を連れて初めての家族旅行に利用させて頂きました。
14:30と少し早めに到着したので、休憩時間なのか、省エネなのか、地下の駐車場が真っ暗だったのと、ロビーも照明がついてなかったことにびっくりしましたが、チェックインだけ先に済ませて外出し、後で来ると地下もロビーも照明が着いていたので安心しました。
お部屋の露天風呂の目の前に黒船の遊覧船がとまっているのが見え、とても眺めが良くて最高でした。お部屋もキレイで良いです。ネスプレッソのサービスや、アメニティに雪肌精とか置いてあるのも良かったです(*^_^*)
ただ、給湯室が暗く、手元がよく見えなかったです。
夕食のバイキングでは、ローストビーフが本当に美味しくて、何度もおかわりしてしまいました。刺身も鮮度よく美味しかったです。フルーツもこの時期にしては早めのスイカが甘くて、0歳の娘も喜んで食べてました。
朝食にもフルーツあると最高でした。
朝食の出来立ての厚焼き卵や、やまかけマグロ、金目鯛の干物も美味しかったです。
息子がたくさんおもちゃのあったキッズルームを気に入っていたのですが、ここも照明が暗く、少し怖いです。せっかく素敵な部屋があるのだから、照明はもっと明るくした方がいいかなと思います。
また、GW中のイベントで、21:00からロビーで下田太鼓をやっていたのが4階のお部屋まで鳴り響いていたので、小さいお子様連れの方は就寝時間とかぶりますので、もう少し早い時間にされると良かったんじゃないかなと思います。我が家は寝れたので良かったですが…。
気になる点は以上のように記載させて頂いたことのみなので、あまり気にはなってませんが、改善されるとより良いかなと思います。家族全員満足できたので、また下田に来る際は利用させて頂きたいと思ってます。"
13,すすきのグランベルホテル,https://travel.rakuten.co.jp/HOTEL/182562/182562.html,人の少なそうな時間帯を狙って露天風呂を利用。運よく誰もおらず、周りを気にせずゆっくり寛げました。夜風呂も良かったですが、朝風呂が特に癒されました。雪肌精など女性に嬉しいアメニティにも気分が上がりました。
14,すすきのグランベルホテル,https://travel.rakuten.co.jp/HOTEL/182562/182562.html,ホテル最上階にある露天風呂が好きで、リピート利用です。夜の星空を見ながらの入浴で、心と体を癒すことが出来ました。雪肌精などの女性に嬉しいアメニティが用意されている点も嬉しいポイントです。お部屋もシンプルですが、グレーを基調としていて落ち着いた印象を受けました。ベット下にスーツケースを収納することができ、広々とお部屋を使うことができました！また利用します。
15,すすきのグランベルホテル,https://travel.rakuten.co.jp/HOTEL/182562/182562.html,"最近の札幌滞在はもっぱらここです。
なんといっても豊水すすきの駅から徒歩1分の好立地で、露天風呂がある！大浴場のアメニティの質もよく（ノルや雪肌精）、お気に入りのホテルです。

朝食ビュッフェも美味しいので、いつも朝食付きです。スープカレーもいいですが、炊き込みご飯も好きですね。
コスパが本当にいい。また泊まります。"
16,開花亭〜全室露天・内湯付き離れの宿,https://travel.rakuten.co.jp/HOTEL/137975/137975.html,"食事の評価が5つ星だったのに、夕食も、朝食も、美味しくなかったです。
部屋には髪の毛が落ちているし
露天風呂の底は苔だらけで、滑って危なかったです。
化粧水と乳液は、KOSEの雪肌精シリーズで、とても良かったです。"
17,開花亭〜全室露天・内湯付き離れの宿,https://travel.rakuten.co.jp/HOTEL/137975/137975.html,"とても良くしていただいたのですが、気になる点が3点ありましてこの評価に致しました。
1点目はお部屋の畳が一部ブヨブヨしていたことです。下見板が割れているか酷いカビが原因なので、ハイハイをする乳児連れで私自身アレルギー性鼻炎持ちなのでとても気になりました。
2点目は3歳の子どものために貸してくれた可愛い浴衣です。私達も子どもも喜んで着せたところ雨に濡れた犬のような強烈な臭いが…。私達の浴衣は洗濯の良い匂いだったので、子どものサイズはなかなか出ないためしまいっぱなしだったのかもしれませんが、子どもも私達もガッカリしてしまいました。
3点目は、夕食のことです。色んな宿の色んなプランを比べ、肉好きの主人のために牛フィレ陶板焼きと記載があったこちらのお宿のプランにしました。ですが出てきたのはすき焼き…？？幸い卵アレルギー等も無いしすき焼きも好物ですし、主人は細かいことは気にしないので嬉しそうでしたが私は気になってしまいました。(シェフの気まぐれと言われればそれまでですが、それならそうと書いて欲しかったです)
色々と苦言を申しましたが、接客はとても気持ちが良く以上の3点が改善されればまた行きたいお宿です。露天風呂が温度もちょうど良く最高に気持ちがよかったです。お肌もツルツルで化粧ノリ抜群でした。化粧水も雪肌精で嬉しかったです（笑）
スタッフの方達は子どもが好きなんだな～とわかるくらい良い人達ばかりで、安心できました。宿を出た後忘れ物をしたのですがすぐに電話くださり助かりました。
この度は良くしていただき、ありがとうございました。"
18,開花亭〜全室露天・内湯付き離れの宿,https://travel.rakuten.co.jp/HOTEL/137975/137975.html,2月13日に1泊で娘と一緒に宿泊しました。駅からは少し離れていますが、歩いて散策しながら行くにはちょうどいいかなと思います。着いたらすぐに宿の方が出てきてくれました。部屋も口コミでは電気が暗いとあったのでどうかなと思いましたが、逆に風情があり良かったです。アメニティも品揃えよく、化粧水などは雪肌精が置いてあり、すごく嬉しかったです。何より食事がとても美味しかったです。専用個室でゆっくりといただく事ができ品数も多く大変満足でした。お部屋に露天風呂つきでこのお値段は本当におトクだと思います。それとWiFiもないかと思ってましたがありましたし、無料のコーヒー、紅茶のサービスもありました。従業員の方も感じがよく、オススメのお宿です。是非また行きたいです。
19,リーベルホテル　アット　ユニバーサル・スタジオ・ジャパン,https://travel.rakuten.co.jp/HOTEL/172378/172378.html,"旅が大好きなのにコロナ禍で国内外の旅行に行けなくなり、同時期に家族を失い辛い日々、1人で何も考えずリラックスする癒しの時間が必要だったのと、大好きな温泉は外せないということで、近場で温泉のあるホテルを探していたら、新しくオープンしたホテルということで予約しました。ユニバーサルスタジオや海に近く、リゾート的雰囲気があり、でも静かで落ち着いた時間を過ごせる。お部屋はきれいで広さも丁度良い。楽天トラベルで手ごろな価格のお得なプランがあるのでいつも安心。
広い温泉は肌がさらさら、温度も丁度良い、炭酸泉でのんびり、サウナと露天風呂を行ったり来たり、ほぼ混んでおらず存分にリラックスできるうえ、温泉内とパウダールームに雪肌精のアメニティが置いてあるのも嬉しい。時間を気にせずのんびり肌の手入れができます。
朝食はバラエティに富んで栄養バランスも良い。いつも大満足でチェックアウト。
ロピーの自動演奏のピアノの音色をしばし楽しんで帰ります。
ふらっと行きたいときにすぐ行ける距離なので、ストレスや疲れがたまると、何もしないでお部屋でのびのびし、温泉と朝食だけを目的に一人で何度もリピートして、すっかりお気に入りのホテルです。同じく温泉好きだった亡くした家族も連れてきてあげたかった。"
20,リーベルホテル　アット　ユニバーサル・スタジオ・ジャパン,https://travel.rakuten.co.jp/HOTEL/172378/172378.html,早くに到着したのに、チェッインしてくれました。窓からの眺めも良かったです。お風呂も露天風呂、サウナ、水風呂もあり良かったです。アメニティも雪肌精だったので、驚きました。朝食もステーキや串揚げも食べ放題で美味しかったです。
21,リーベルホテル　アット　ユニバーサル・スタジオ・ジャパン,https://travel.rakuten.co.jp/HOTEL/172378/172378.html,"USJの宿として宿泊しました。特にお風呂がとってもよくてまた泊まりたいです。
女子としては大浴場のタオルが使い放題なのと、メイク落とし、化粧水、乳液が雪肌精だったのがありがたかったです。雪肌精つかいたい放題！（洗顔は普通のでした）
ドライヤーブースも個々に仕切られており沢山あったのでストレスなく居心地が良かったです。
炭酸泉とサウナと露天風呂が良かったです。温泉の温度設定も２種類あって子供にも大人にも優しい印象でした。
ただ１点気になったのが一緒に行った彼が外国人でタトゥーが有ったため
彼は部屋のシャワーのみ利用したのですが、
入湯税が2人分取られたのが少々「えー」となりましたが、まぁお得なプランでしたし
300円なので仕方ないと納得はしています。
立地もUSJから徒歩20分くらいで少し歩きますが1駅分電車に乗るほどではなく
途中にセブンとローソンがあるので便利でした。
次回はこんなお得には泊まれないだろうな～と感じるくらい、
とても高級感と高品質なサービスのホテルでした。"
22,湯けむりの宿　雪の花（共立リゾート）,https://travel.rakuten.co.jp/HOTEL/172442/172442.html,"7月22日に一泊しました。
駅から歩いてすぐで便利な立地でした。サービスやアメニティ、食事、どれも行き届いていて素晴らしかったですが、一番良かったのはお風呂です。内風呂、露天風呂の他薬草風呂やシルク風呂などあり、さらにミストサウナと普通のサウナ、水風呂がありとても気持ちよかったです。お風呂には雪肌精のメイク落としから乳液まで一式揃っていたのも良かったです。お風呂目当てでまた行きたいです。"
23,湯けむりの宿　雪の花（共立リゾート）,https://travel.rakuten.co.jp/HOTEL/172442/172442.html,彼と一緒に宿泊しました。貸切露天風呂があり2人でゆっくりと入れてとても満足してます。大浴場も景色が綺麗でとてもよかったです。化粧水が雪肌精が置いてありシャンプーやボディソープも何種類か置いてありイイなーと思いました。ご飯も種類が多くて楽しめました！また行きたいです。
24,湯けむりの宿　雪の花（共立リゾート）,https://travel.rakuten.co.jp/HOTEL/172442/172442.html,"良かった点
・施設が綺麗だった
・大浴場の化粧品が雪肌精だった
・貸切露天風呂に無料で入れた
・お風呂上がりのマッサージ器、アイス、ヤクルトのサービスが良かった
・夜鳴きそばが美味しかった
・スタッフの方の対応が良かった
・コーヒーミルのサービスが面白かった
・部屋着にSサイズがあった
・夕食時の利き酒サービスが素敵だった
・駅から近かった
気になる点
・夕食の際時間前に着いたがたくさんの人が待っていて混乱していた。きちんと並べるように案内が欲しかった
・夜鳴きそばも混雑していてどうすればいいのかわからなかった。並ぶ場所等案内板が欲しかった。スタッフの方が一名しかおらず大変そうだった。
総合的にはとても素敵な施設でまた行きたいと思いました。ありがとうございました。"
25,ロイヤルツインホテル京都八条口,https://travel.rakuten.co.jp/HOTEL/177759/177759.html,駅やコンビニが近くてホテル外観もすごく華やかな感じでした。お部屋は明るい色合いのキレイなお部屋で、ゆったりした気分になれました。イス、丸テーブル、スツールが揃っていたのも何かと便利でした。スマホの充電器具が完備していて、２台同時に充電できて便利でした。お風呂やレストランの混み具合やホテル設備等の情報がテレビで見られるようになっているのもよかったです。朝食バイキングは種類も多く、和洋中が揃っていました。湯葉や生麩などの京都らしいお惣菜も嬉しかったです。どのお料理も美味しかったです。お風呂は内湯、露天風呂とも程よい広さで寛げました。雪肌精、ミキモトのシャンプーもありがたかったです。また泊まりに行きたいホテルです。
26,ロイヤルツインホテル京都八条口,https://travel.rakuten.co.jp/HOTEL/177759/177759.html,"駅近でホテル目の前にコンビニもあり立地が凄く良い、綺麗なホテルでした。朝食もお正月ということで、おひとりさまお節があったり、季節感を味わえましたし、京都的なメニューもあり、美味しい。夕飯も黒毛和牛のミスジステーキを食べましたが本当に美味しいものでした。
お風呂も露天風呂もあり程よい大きさ、岩盤浴も2人しか入れませんが長くいる場所ではないので回転も早い。大浴場の化粧水などが雪肌精だったりととても良かったです。
お部屋も広くきれい、お水のペットボトルもありよかったんですが、洗面所の洗面台に短い髪の毛が2本、明らかに
コーヒーのような跡が4滴ついていました。見たら絶対わかるような汚れです。窓下の壁にボールペン？のようなもので落書きがあったりとびっくりしました。こんなきれいなお部屋に落書きするなんてひどい人がいるなと思いました。お掃除の方、大変でしょうが、駅近、朝食も大浴場も素敵で綺麗なホテルなのでもう少し頑張りましょう！！"
27,ロイヤルツインホテル京都八条口,https://travel.rakuten.co.jp/HOTEL/177759/177759.html,"リピートです。

大浴場の化粧台之所にヘアオイルなどのアメニティがあるといいなと思いました。他の利用客の方も同じことおっしゃってたので、あると嬉しい方は割といる気がします。

岩盤浴が１回１５分以内となってますが、２箇所とも３０分くらい出てこない人が割りといて、ちょこちょこ覗いて待ってる人居るのに５分オーバーくらいならまだしも、それはちょっと…と思いました。
何か改善策を実施していただけたらと思います。
私はスマートウォッチでタイマーつけて入ってるので時間がきたら振動ですぐわかりますが、タイマーとかあればいいのかも？と思います。

フリードリンクの紙コップを、ドリンク入れに行くたびに毎回新しいのを使うのがエコじゃない気がして、途中から、お部屋にあるマグカップを持って降りてそれに入れて部屋に持っていきました。
水分摂取沢山する場合は、その方がゴミも増えなくてエコで良いなと思いました。

ここのホテルの良いところは、
●立地が京都駅八条口目の前
●セブンイレブンが向かいにある
●岩盤浴と露天風呂(女湯のみ男湯はサウナ)
●大浴場の脱衣洗面所に雪肌精のクレンジング、化粧水、乳液、コットン、綿棒、シャワーキャップ、ヘアブラシ、ヘアゴム、ボディタオルがあり、いつもきれいに掃除されている
●お部屋の浴槽広め
●フリードリンク(12-23時)
●館内は館内着＋館内用スリッパで行き来OK
●フロント横にフリーアメニティで足袋がある(シャワーキャップ、ヘアブラシ、ヘアゴム、T字カミソリもあり)
●朝食にフルーツがいつも2種類あり、プリンもある。(アレルギー持ちなので小麦使用プチスイーツより果物やプリンの方が安心)
主食がパンだけでなく、五穀米粥や白米もある。
●徒歩圏内にイオンがある
●近くに飲食店豊富

お風呂場や部屋で裸足で過ごすのが嫌な人には、足袋がアメニティにあるの凄くいいサービスだと思います。
荷物少なくてすみます。

女湯のドライヤーはイオニティです。"
28,函館湯の川温泉　海と灯／ヒューイットリゾート,https://travel.rakuten.co.jp/HOTEL/182148/182148.html,"1月の3連休に主人と2泊で宿泊させていただきました。チェックインが当初の予定時間から(連絡したにせよ)かなり遅れてご迷惑をお掛けしたにも関わらず、暖かく迎えてくださりありがとうございました。
１日は貸切露天風呂に入らせて頂きましたが、備え付けの化粧水などがこちらはアップグレードされていてさすがwって思いました(愛用している雪肌精でした！)
朝食バイキングのコーナーで、ハンバーガーやマフィンが作れるコーナーがありますが、こちらにもトースターがあればなお良いと思いました(動線上難しいかもしれませんが)。冷えたパンのまま作ると美味しさも半減なので。デニッシュ系のパンがみんなサクサクで美味しかったです！
またお世話になりたいです。ありがとうございました。"
29,函館湯の川温泉　海と灯／ヒューイットリゾート,https://travel.rakuten.co.jp/HOTEL/182148/182148.html,"１０月２３日に友人と宿泊しました。
最近の口コミでは、オープン当初の諸々が改善されているのかなと思い、ものすごく楽しみにしていきました。結果とても大満足でした！

【良かった点】
・チェックイン時の銀月のお団子サービス
・館内着の貸し出し(アイヌの刺繍)
・お風呂からの景色。特に朝が良かった
・お部屋が新しくきれい
・低層階でのプランだったが７階のお部屋へグレードアップしてくれた
・露天風呂の入口で、清掃スタッフさんが「たのしめましたか？」と気さくに声掛けしてくれた
・フロントの方の接客が皆さん良かった

【すこし残念だった点】
・アメニティに雪肌精があると記載されていたが、見当たらなかった
・お刺身の鮮度が期待ほどではなかった
・サラダの野菜がしなっとなっていたのが気になった


久々に友人ととても楽しい時間を満喫できました。
お食事は夕飯よりも朝食のほうが好みのものが多かったです。
また宿泊したいと思える宿でした！"
30,函館湯の川温泉　海と灯／ヒューイットリゾート,https://travel.rakuten.co.jp/HOTEL/182148/182148.html,"【チェックイン】
・客室数の割に駐車場が少ないと聞いていたので早めに到着(14:50)してみたが、既にほぼ満車状態。
・チェックインは従業員の対応もよくスムーズに終えた。
・ウェルカムのお団子を食べたがやわらかくておいしい！（夕食に応えるので食べすぎに注意）
【客室】
・広さ、調度品、アメニティは問題なし。ただ紙コップだと歯ブラシを立てた時すぐ倒れる。プラコップがいいかな。
・金庫は既にロック状態で使用できず。枕元のコンセントは2個の内1個接触不良で使用不能。
・飲み物はやっぱりグラスがいい。紙コップだと洗えないので、するのであれば５，６個必要。
・洗面台に手拭きタオルがあるといい。
・照明を消すと真っ暗なので足元灯があると嬉しい。
・潮風のせいでしょうがないのかもしれないが、窓ガラスの汚れがかなり目立つ。
【大浴場】
・インフィニティ露天風呂は爽快。ただ向かいのホテルがちょっと気になる。
・女性浴室の「雪肌精」、夜には中身がなくなり、朝だと容器すら無いという。
【ビュッフェ】
・料理とその下にある取り皿がマッチしていない。
・焼き魚やホタテ焼きは火が通り過ぎていて固い。
・この程度のカニやウニだと北海道民なら手を付けないかも・・。
・ボタンエビとイクラは美味しいので翌朝、大盛イクラ丼にした。
・煮物も全般に美味しいが定番ばかりで創作料理が少ない気がする。
・１５０品？　北海道最大級？　期待していたのとちょっと違った。広さもシティホテル並み。『今月の献立』として１５０品をＨＰ上に公開してほしいくらい。
・函館駅前周辺のホテルはまさに朝食激戦区。それを考えるとちょっと力不足かも。"
31,浜名湖かんざんじ温泉　ホテル鞠水亭,https://travel.rakuten.co.jp/HOTEL/2092/2092.html,"☆食事
お値打ちプランということでしたが、量は十分でした。お造りは付いていないとのことでしたが、カルパッチョにたくさんお刺身が入っていて大満足。鍋物も野菜がたくさんで美味しかったです。ただ、薬味は五種類ではなく、ゆず胡椒と大根おろしを和えたものでした。
女性なら全体的に少し多めかもしれません。朝食も野菜がたくさんあってヘルシーで大満足！ピーマンの昆布和えが美味しかったです。
☆お風呂
男女入れ替え制で、楽しめました。露天風呂から見えるパルパルの夜景が綺麗でした。夜は内風呂が熱くて入れませんでしたが、露天は丁度良かったです。アメニティが雪肌精で感激！洗顔フォームもあれば言うことなし。
☆お部屋
トイレ、お風呂に古さを感じました。お部屋から見える浜名湖はとても綺麗でした！
☆サービス
とても暑い日だったので、ウェルカムドリンクがありがたかったです。従業員の方も親切で、夕食の時、写真を撮りましょうか？と、声を掛けてもらえて嬉しかったです。子供用のアメニティもかわいくて満足です。

本当にこのお値段でいいの？って心配になるほど食事もお風呂も良かったです！一つ残念だったのは、お部屋が埃っぽく、家族みんなハウスダストアレルギーが出てしまい涙と鼻水が止まらなくなってしまったこと。お掃除がもう少し行き届いていれば、言うことなしです。お世話になりました。また来たいです。"
32,浜名湖かんざんじ温泉　ホテル鞠水亭,https://travel.rakuten.co.jp/HOTEL/2092/2092.html,"大人(女)4人、2歳の女児(食事のみ)と東館10畳和室の予約をしましたが、『週末ですが比較的今日は空いているので西館のお部屋を用意いたします。』と言われ広い部屋に案内していただきました！
小さい子供もいたのでラッキーでした♪
食事も次から次へと食べたことのないような料理が色々出てきてでワイワイしながら食べました＾＾少し残してしまいましたが＾＾；
子供の料理も豪華でビックリしました！
朝食も種類が多くて悩むぐらいでした＾＾

お風呂はちょうど行った時間が良かったのか出ていく人と入れ違いで貸し切り状態だったので気兼ねなく入れました。露天風呂からの眺めも季節もちょうど良く気持ち良かったです＾＾
アメニティも化粧水が雪肌精だったので持参した物を使わず置いてあったのを使いました。
ただバスタオルとフェイスタオルが一枚ずつだったので翌日の朝に使うタオルがなくてフロントに連絡したらすぐ持ってきてくれました。
どのスタッフさんも笑顔で親切だったのでとても満足です。
ありがとうございました(^o^)

そして、朝バタバタしていて机の上も布団も片付けず後にした事に申し訳ありませんでしたm(_ _)m"
33,浜名湖かんざんじ温泉　ホテル鞠水亭,https://travel.rakuten.co.jp/HOTEL/2092/2092.html,"お部屋から浜名湖とパルパルの観覧車が見えて眺めはとてもよかったです。事前に古い建物とは伺っていたのですが、お部屋の襖・窓・ドアの立て付けがとても悪く、開ける音で目が覚めてしまい残念でした。

夕飯はお部屋食にしましたが、二泊とも「こんな食材の使い方があるんだな」というようなおしゃれな料理が多くとても美味しく頂きました。ただ、女性には少し量が多めかと思います。「板さんが心をこめて作ったので(残さないで下さいね)」などと言うのであれば、事前に量について調整できればよかったです。バイキング形式の朝ごはんは、いろいろなおかずがあって楽しめました。

露天風呂はお部屋同様の眺めのよさで朝・夜どちらも気持ち良く過ごせました。雪肌精の化粧水などがお風呂に備付けられていたのが地味に嬉しかったです。ドライヤーがついていないタイプの部屋に宿泊したので大浴場のドライヤーを使ったのですが、風力のとても弱い物が何個かあり、貸出用をフロントで借りればよかったかなと思いました。また貸出の浴衣は全体的にサイズが大きめで160cmの友人でも特小サイズがちょうどいいくらいでした。

一番初めにお部屋の案内をしてくれた方は物腰柔らかで落ち着く感じでとてもよかったです。一日目の仲居さんは直虎の話をしてくれたり、クイズを出して楽しませてくれました。二日目はお風呂に行っている間に布団の用意をお願いしたのですが、お風呂上がりに部屋に戻るとお冷やとコップが用意されていて気遣いに嬉しくなりました。

スタッフさん、お風呂、お料理はよかったので、ケチらずに設備のいいタイプのお部屋でお願いすればもっと楽しめたかなと思います。快適さはやや不満がありますが総合的には楽しい宿泊でした。"
34,こんぴら温泉　琴平グランドホテル　桜の抄,https://travel.rakuten.co.jp/HOTEL/5900/5900.html,"家族旅行で4人で宿泊しました。初音スタンダードの予約でしたが、部屋に露天風呂とマッサージ機もついていました。グレードアップしてくれたのでしょうか？
冷蔵庫にはビール3本とハイボールなど、6本くらい無料でついていて、ミネラルウォーターも4本置いてありました。そして全て無料でした。
アメニティも良くて、お部屋には雪肌精がセットされていました。
こちらのホテルは2度目でしたが、スタッフの応対もいつも完璧です。
またぜひ泊まりたいホテルです。"
35,こんぴら温泉　琴平グランドホテル　桜の抄,https://travel.rakuten.co.jp/HOTEL/5900/5900.html,"全体的にコスパ最高だと思います。この値段での対応とすればトップクラスだと思います。
宿から金毘羅山に近く、チェックアウト後に車を止めたままお参りさせてもらえて助かりました。
問題があるとすれば
露天風呂が障子風の窓と上がオープンであることで夏場はきっと虫が入るだろうなと思われます。
夏場の対策は聞いていませんが虫すくいの網があったので虫が苦手な方は寒い時期がいいと思います、
あと、アメニティーは雪肌精でクレンジングオイルのみで洗顔フォームがないのは残念でした。"
36,こんぴら温泉　琴平グランドホテル　桜の抄,https://travel.rakuten.co.jp/HOTEL/5900/5900.html,"露天風呂付きの部屋にアップグレードしていただけました。薔薇の大浴場の風呂もよかったですが、部屋の露天風呂は、何時でも入れて、とっても気持ちよかったです。アメニティも雪肌精で　肌も余計潤った気がしました。
夕食のカレーうどん、サラダのドレッシング　美味しかったです。売店で、お土産に買い求めました。"
37,シャトレーゼホテル　旅館　富士野屋,https://travel.rakuten.co.jp/HOTEL/9121/9121.html,おまかせ客室で露天風呂付き部屋になりました。肌がツルツルになる温泉で沢山入りました。アメニティは雪肌精で嬉しいサービスのひとつでした！クレンジング、化粧水、乳液はありましが洗顔はありません。サービスは良く快適に過ごせました。
38,シャトレーゼホテル　旅館　富士野屋,https://travel.rakuten.co.jp/HOTEL/9121/9121.html,"連休明けの平日に利用しました。連休は満室だったそうですがその後なので比較的空いており、露天風呂や夕朝食など混雑せず、サービスもとても丁寧でした。

お部屋で檜風呂の温泉がいつでも楽しめ、こちらは冬だからか水でぬるめなくてもちょうど適温でした。ひとりの宿泊だと、部屋で温泉を楽しめるお部屋のプランを扱っていない宿が多く、ありがたいです。
アメニティが雪肌精とprediaなのもポイント高かったです。

チェックイン時たくさん説明いただいて覚えきれるか不安だったので、館内マップ（yatsudokiへの館内からの行き方、大浴場や夕朝食会場）が部屋のホテルガイドなどでも確認できるとより助かるな、と思いました。"
39,シャトレーゼホテル　旅館　富士野屋,https://travel.rakuten.co.jp/HOTEL/9121/9121.html,"・温泉は泉質がまろやかで大変素晴らしかったです。また、屋上の貸切露天風呂は景色が良く子供も大満足でした。

・離れへの通路が外で、長く、寒くて不便でした。
・ご飯は普通でした。
・アメニティは雪肌精など豪華でした。
・子供を布団のみで予約しましたが、どうやらご飯のみで通っていたようで、混乱がありました。
・自販機が無く、フロントでお茶を売っていないため、外の自販機に買いに行く必要がありました。

露天風呂が4種類もあるため、露天風呂好きにはいい宿だと思います。"
40,満ちてくる心の宿　吉夢,https://travel.rakuten.co.jp/HOTEL/9321/9321.html,"クチコミを見て夏の気軽な１泊旅行に選びました。

宿についた瞬間から案内が行き届いており、スタッフの方もとても明るく親切でした。全体的に古さは感じたものの、どこもお掃除が行き届いており、快適な空間でした。

【お料理】
クチコミ通り、大きな鮑をはじめ、お肉もお魚もボリュームたっぷりで、最後のデザートまでとてもおいしかったです。朝食のビュッフェも、目の前で焼いてもらえるオムレツや鮑のカレーなど、バリエーション豊富で満足でした。

【お風呂】
最高の眺望。土曜の宿泊でしたがそんなに混雑もしておらず、サウナも露天風呂もあり快適。アメニティには雪肌精の他、顔用パックやアウトバスヘアトリートメントまで用意されており、嬉しかったです。

すぐそばに鯛の浦遊覧船（真鯛が海面で見られる、私たちが行ったときは大きなヒラマサを見せてくれました）があり、ちょっとしたアクティビティも楽しめます。

東京駅から特急電車１本で２時間かからず行けるし、人も少なく穴場の場所。激務で疲労困憊だった彼は、乗り換えなしで気軽に行けてとても癒されたと喜んでいました。

館内着がもっとかわいかったら嬉しいなぁ。気軽にまた行きたい、そんなお宿です。"
41,満ちてくる心の宿　吉夢,https://travel.rakuten.co.jp/HOTEL/9321/9321.html,3月4日一泊で宿泊しました。宿泊確認は２度程電話で連絡頂きました。部屋は静かで、ゆっくり過ごす事が出来ました。ドリップコーヒーメーカーがありコーヒーを美味しく頂けました。部屋に備えてある乳液や化粧水は雪肌精でした。夕食はお腹が苦しくなるくらいの品数。朝食はバイキングで、まあまあかな？宿オリジナルの梅酒美味しかったので売店で取り扱って欲しかったです。部屋の露天風呂…釣り人から見られないか…ちょっと心配ところがありました。でも凄く満足です。
42,満ちてくる心の宿　吉夢,https://travel.rakuten.co.jp/HOTEL/9321/9321.html,"家族旅行で利用させていただきました。
お部屋もきれいでしたしスタッフの方々の接客も大変満足いくものでした。
あまり食べない幼児の食事は付けずに大人とシェアしたのですが、その子の分もデザートを用意していただけたのがとても嬉しかったです。お心遣いありがとうございました。
朝のバイキングもサザエカレーやオムレツ、3種のスムージーなど種類も豊富で息子たちから大絶賛でした。パンケーキもモチモチで美味しかったです。
曇り空でしたが露天風呂から見える鯛の浦の景色がとてもよかったです。あと洗濯機と乾燥機があるのが大変ありがたかったです。雪肌精のクレンジング、化粧水、乳液が置いてあるのも私の中で好ポイントでした。
歩いてすぐのところに釣りスポットもあり、主人は早朝から釣りができて喜んでいましたし、子供たちは縁日コーナーや卓球で遊べてとても楽しそうでした。

概ね大満足ですが、旅館着が写真に出ていた花柄の浴衣ではなく作務衣のような服だったのがちょっと残念でした。プランによって違うのかな？

また機会があれば是非宿泊したいお宿です。"
43,湯河原温泉　グリーンパル湯河原,https://travel.rakuten.co.jp/HOTEL/142535/142535.html,"1人での宿泊でしたが、大変満足出来る内容でした。
ウェルカムドリンクで挽きたてのコーヒーや赤玉ワインが頂けます。
洋室がすごく広く、お部屋にミル挽きのコーヒーとコーヒーメーカーがあり、すごく美味しく頂きました。

アメニティが雪肌精で、シャンプー・リンス・ボディソープが好きなものを何種類かの中から選べるのが嬉しかったです。

送迎も湯河原駅まで無料でして頂けて助かりました。

温泉は大浴場と露天風呂があり、両方楽しめます。
他の方が記入されていたように、多少露天風呂は塩素の臭いがしましたが、概ね問題は無かったです。

静かに癒されるには充分だと思います。"
44,湯河原温泉　グリーンパル湯河原,https://travel.rakuten.co.jp/HOTEL/142535/142535.html,"素泊まりでお布団も自分で敷くプランだったのでほとんど誰にも接することなくゆっくりお風呂だけを楽しめました。
ホテルは古いけど内装は綺麗です。部屋には男性向けはポールスチュワート女性向けは雪肌精の化粧品が置いてありました。
お風呂場のシャンプーはポーラでアメニティも満足でした。
山の上なので眺望も良く露天風呂も木々の間からも景色が見えてとても良かったです。
特筆すべきは部屋に置いてあるコーヒー。サザコーヒーのブラジルの豆が置いてあり新しい袋を開けて自分で挽いてコーヒーメーカーで入れました。
挽きたてのコーヒーはとても香りが良く夜と朝二回コーヒーを楽しみました。
ロビーにもデロンギのコーヒーマシンがあり、自由に飲めました。
素泊まりでも充分楽しめました。
感染対策もしっかりしたあり安心できました。
お部屋には空気清浄機もあります。
ただお子さん連れが多く少し賑やかでした。早朝6時から上の階からドンドンと足音がうるさかったので休日の朝ゆっくり寝たいという目論見は外れてしまいました。ホテルのせいではないですが、お子さん連れが多い宿なので気になる方はあまりお勧めできないかもしれません。"
45,愛犬と過ごす本格旅館　月香,https://travel.rakuten.co.jp/HOTEL/160944/160944.html,"家族3名とパピヨン1匹でお世話になりました。車を停めると同時に台車をもってお出迎えくださり、荷物を運んでいただけて助かりました。館内のあちらこちらに犬の置物や絵が飾られており、ロビーも広々として明るくくつろげました。
お部屋は寝室が別で十分に広く、掃除も行き届き気持ちよく過ごせました。水のペットボトルが1本ずつついていたのも嬉しかったです。広々としたドッグランにはソファやブランコがあり、ワンコが楽しんでいるのをゆっくりと眺められて良かったです。また至る所にうんち袋やトイレシート等が配置され、お散歩バッグも便利でした。
お風呂は少し熱めで、長く浸かっていられませんでした。夜と朝で入れ替えがあり、朝は半露天風呂で涼しくて気持ちよかったです。洗面台には雪肌精のクレンジング・化粧水・乳液が置いてあり、シャンプー等も質の良いものが使われていました。
夕飯は品数があり、新米のコシヒカリが美味しく、手の込んだ料理に目も楽しませていただきました。量も十分でお腹いっぱいになりました。一番のお気に入りは朝食のへしこ飯です。パーティションで区切られ半個室になっていたので気兼ねなく食事ができました。
母がフロントの段差を踏み外して足を痛めた(骨にひびが入っていました)のですが、車椅子を用意してくださり、食事の移動を嫌がる母のために夕食を部屋へ運んでくださいました。スタッフの方々にとても気を遣っていただき、たくさんの人が声をかけてくださいました。いろいろとご迷惑をおかけしましたが、本当にお世話になりありがとうございました。"
46,愛犬と過ごす本格旅館　月香,https://travel.rakuten.co.jp/HOTEL/160944/160944.html,"夫婦、小学生の子供1名、愛犬1匹でお世話になりました。

オープンしてからHPなどを見ても画像の追加などがないままで、部屋の状況などがわからず不安な気持ちのまま宿に向かわせてていただきました。

率直な意見としまして、、、
55パーセントオフのままならまた泊まりたいと思える旅館でした。
ロビーラウンジでの飲み物や夕食時の飲み物代金が宿泊料金に組み込まれているのはお得感満載で良かったです。
ロビーラウンジのサラミがおいしかたので3回追加注文したのですが3回ともビニールが付いたままだったのが残念でした。

夕食、朝食ともにペース良く出していただき美味しかったです。

お風呂は露天風呂がメンテナンスの為入れず残念でした。
チェックインの際には何も言っていなかったので一言その説明をしていただきたかったです。
シャンプーとボディーソープは入れ物が分けられているものの中身は同じものが入れられてていたので分ける必要はないんじゃないかな、と思いました(笑)
お風呂、部屋と共に置かれていた化粧水は雪肌精はパッケージは雪肌精でしたが中身は違うものが入っていてすごく残念でした。
私はこの商品を10年以上毎日愛用しているので匂いや感触などで中身が違うとすぐにわかりました。
たまにしか使わない主人でさえわかったと言っていました。
騙された感がすごくあり中身を変えるのはすぐにやめたほうが良いと思います。

これからに期待しております。"
47,由布院　六花,https://travel.rakuten.co.jp/HOTEL/167953/167953.html,"１年ぶりのリピートで、今回は畳の部屋に宿泊しました。
チェックイン時に「おかえりなさい」と言われ、名も名乗っていないのに部屋に通された時は、「あ～待ってくれていたんだ。」とスタッフさんの心遣いに感動しました。こういうところもこの宿の高評価にも繋がっているんだと思いました。
料理については夕食、朝食とも創作料理で、地産地消にこだわり旬なものを最善な料理方法と味付けで、提供してくれます。配膳のタイミングも絶妙で、気遣いがすばらしいと感じました。
いつ来ても、すべての料理が絶品ですが、特にこの時期の白米は敷地前で収穫された新米で、美味しいさ100％です。
部屋の露天風呂は源泉掛け流しで、入るたびに溢れ出て気持ちよいです。また雪肌精や各種アメニティも充実してます。
何度もリピートしたくなるお宿で、静かにゆっくりと過ごされたい方にお勧めの宿です。
またお伺いしますので宜しくお願いします。"
48,由布院　六花,https://travel.rakuten.co.jp/HOTEL/167953/167953.html,"とても良いお宿でした！また泊まりに行きたいです！！！！

○接客
とても良かったです。おもてなししてもらったな～と実感しました。車の送迎ありがとうございました。

○立地
観光場所と由布院駅を挟んで反対の田んぼの真ん中にあるので、静かで、拓けててよかったです。

○お部屋の気に入ったところ
露天風呂が大きい
お庭が広い
窓が大きい
テラスがあって寛げる
ソファに座ってゆっくりできる
フローリングの色がいい
ブラインドが素敵
lingonクッキーが置いてある
イリーのエスプレッソマシンがある
お水のペットボトルが置いてある
雪肌精の化粧水が置いてある
バスローブがある
ドアがゆっくり閉まるように設計されている
こんなお家に住みたいと思いました。

○食事
前菜がおしゃれ。
お刺身が美味しかったです。
里芋のおまんじゅうをもう一回食べたいです。
出来合いのものがないところもすごく良かったです。
料理が運ばれるタイミングもちょうど良く、ゆっくり食べることができました。
朝ごはんの梨とマスカットのスムージーがめちゃくちゃ美味しかったです！
個室なのもいいですね。

○温泉
お湯の温度がちょうどよくて、のぼせることなく長時間入ることができました。15時にチェックインして、風呂→コーヒー→風呂→テラスで休憩→風呂→夜ご飯→風呂→就寝みたいな感じでゆっくりできました！朝も5時から入りましたが、やっぱり部屋に露天のある宿は最高ですね。今度は別のお部屋に泊まりに行きたいです。ありがとうございました。"
49,いやしの里松苑　離れ,https://travel.rakuten.co.jp/HOTEL/168538/168538.html,"場所は、ナビがあれば分かります。入り口付近は道が狭く多少通りにくくはありますが、離合する車も滅多にいないので問題ありませんでした。
食事は夜も朝も豪華すぎるくらいで、少食な夫婦のためヒィヒィ言いながら食べました。大満足です。
お部屋もゆったり広く綺麗で良かったです。露天風呂に入る際は、虫が部屋に侵入しないように気をつけてください。露天風呂はアツアツで硫黄の香りもたっぷりでしっかり温泉でした。使用していませんがサウナと水風呂もありました。
アメニティの化粧水は雪肌精のラインでしたので持参したものではなくそちらを使わせていただきました。

スタッフさんには終始親切にしていただきました。
秋に出産を控えており、最後の夫婦旅行として伺いました。全体を通して 旅行に来ている 感があふれていて、とても素敵な良い思い出になりました。"
50,いやしの里松苑　離れ,https://travel.rakuten.co.jp/HOTEL/168538/168538.html,"とても居心地いい空間でした。

お風呂も、岩盤浴もあり露天風呂や寝湯水風呂までありずっと入ってられました。

アメニティは、雪肌精の化粧水などがあり持ち込まなくても大丈夫だったくらいでした。

部屋食もとても豪華でゆっくり出来たので大変満足です。

あまり人と関わりたくないなと思って部屋食や離れを選んだのですが不要な干渉もなく、とてもゆっくり出来ました。

また利用したいです。"
51,和海の宿　ささ游,https://travel.rakuten.co.jp/HOTEL/168573/168573.html,"なんと言ってもお食事が美味しかったです。ひとつひとつが丁寧に作られている感じがしましたし、お刺身も豪華でした。海の幸目当ての旅行だったので嬉しかったです。また、デザートをお部屋で食べられると声をかけていただき、それも良いと思いました。
お部屋からの眺望はイマイチでしたが屋上の露天風呂から海が見えたので良かったです。
お部屋のアメニティが雪肌精だったのも、女性にとっては嬉しいポイントでした。
館内はできたばかりのようで綺麗でした。"
52,和海の宿　ささ游,https://travel.rakuten.co.jp/HOTEL/168573/168573.html,"館内は、すべてきれいでお部屋のアメニティー、雪肌精、ウォーターサーバー、コーヒーメーカー、もよいです。大浴場は狭いけど温泉はよく、備品はすべてそろっています。
露天風呂からの景色はよいです。
なんといっても食事が素晴らしい。コストパフォーマンスが良いのでまた行きます。"
53,天成園　小田原駅　別館,https://travel.rakuten.co.jp/HOTEL/181948/181948.html,"思い立って前日に予約しました。立地は問題なし。お部屋もお風呂も綺麗でした。大浴場の露天風呂がほぼ室内で露天ではないのが残念でした。でも部屋が大浴場の階ですぐいけましたし、スキンケアは雪肌精がありましたし、ほぼ貸し切り状態で夜も朝もゆっくり入れました。
食事は朝食だけのプランでした。こじんまりとしたビュッフェで可もなく不可もなく。清潔感はありました。お味噌汁やスープ類がインスタントなのがいまいちかなと思いました。"
54,天成園　小田原駅　別館,https://travel.rakuten.co.jp/HOTEL/181948/181948.html,宿泊した日は雨が降っていたのですが、駅から直通なのもあり濡れずに行くことが出来ました。ベッドはエアウィーヴでとても寝心地が良く、家で眠るよりもぐっすりと眠ることが出来ました。お風呂は大浴場を利用したのですが21時頃に行ったところ既に8人ほど脱衣所に人がいてわりとぎゅうぎゅうでした。お風呂は、ぬる湯の浴槽とあつめの湯の浴槽、露天風呂の浴槽の3つがありました。脱衣所には雪肌精のクレンジング、化粧水、乳液がおいてあり、客室にも使い切りのスキンケア用品が置いてあるので忘れてしまっても何とかなります。朝食はバイキングでとても美味しく、特にカレーが美味しかったです。
55,鬼怒川温泉　若竹の庄,https://travel.rakuten.co.jp/HOTEL/38518/38518.html,"50代夫婦です。
別邸笹音が満室だったので今回はスタンダードを利用しました。
まさしく川の流れを眺めるお部屋で寛ぎました。廊下や階段、フロアーなどのしつらえも版画やアンティークな箪笥などがステキでした。
食事は懐石料理を部屋食で頂きました。季節の食材が活かされて係の方からの説明も行き届いていて、普段から薄味の私達にはとても美味しかったです。ただし、薄味の好きな私達でも、お吸い物はもう少し味がしてもいいのではないかと思いしました。
大浴場もとても気持ちよく、ぬるめの露天風呂で、緑の木々を見ながら夏の時期でも楽しむことができました。
アメニティは大浴場も客室の洗面所にも雪肌精が置いてあり、大浴場のシャンプーがジュレームだったので驚きでした。色々な宿泊施設を利用していますが、大浴場に雪肌精が置いてあるのは初めてでした。夏は浴衣の代えが一枚あると嬉しいです。
残念だったのは、朝食会場で係の方が席に案内して食事を出した後は常駐していなくて、薬を飲む水が欲しくて何度かお声掛けしても誰も来てもらえませんでした。誰か一人だけでいいので会場内に居てもらいたいです。
夕食朝食どちらにも湯呑みのお茶だけで急須でのお茶がありませんでした。ご飯と一緒にお茶のお代わりが出来る急須が欲しかったです。
おそらく空気清浄機が置いてあったのでお気付きなのかもしれませんが、(喫煙と経年の為かと思います)お部屋の臭いも少し気になりました。
朝は鬼怒川温泉駅まで送って頂けるのであれば、夕方も鬼怒川公園駅だけではなく鬼怒川温泉駅まで迎えに来ていただければ有難いです。
朝、ロビーで有料でいいのでコーヒーのサービスがあると嬉しいです。
フロントも客室の係の方もとても感じがよく是非次回はグレードの高い別邸笹音にお邪魔してみたいと思います。"
56,鬼怒川温泉　若竹の庄,https://travel.rakuten.co.jp/HOTEL/38518/38518.html,"一人旅で利用しました。お部屋に入った瞬間、大きな窓から鬼怒川や向かいの集落の田んぼや山が見えて、とてものどかな気持ちになります。
部屋の化粧品が雪肌精でした！
食事はどれも季節の品がとても丁寧に盛り付けられて、二品ずつくらい運ばれてきます。タイミングが抜群で見られてるのかと思ったくらいです。とても美味しく、量もちょうど良かったです。個室なのが大変ありがたい。
お風呂はちょっと塩素臭がしますが、清潔で、川のせせらぎが聞こえる露天風呂、最高でした。平日なので貸切状態でした。わがままを言えば、女性用だけでもドライヤーはもう少し風量の強いものがいいですね。。。

本当にいい自分へのご褒美になりました！"
57,鴨川館,https://travel.rakuten.co.jp/HOTEL/51733/51733.html,"8Fのお部屋からは広く海が見渡せ、本当に素晴らしい景観でした。
お部屋のデザインもおしゃれで、ドレッシングルーム等の動線も良く考えられていて感心しました。
お部屋や大浴場にある化粧水が雪肌精だったのも流石です。
屋上の温泉ぷーろは、洗い場のない混浴露天風呂のような感じですね。景色は素晴らしいのですが、思っていたより小さくて、家族連れなどで混雑しがちな夕方は落ち着かなかったです。
専用湯浴み着の用意があるのは有難いのですが、胸にカップ等は無いため、気になる方は重ね着するか自前の水着を着用するのが良いようです…が、自前ですと脱水機等はありません。
ぜひ脱水機も置いていただけると、次回は水着持参で伺いたいと思います。"
58,鴨川館,https://travel.rakuten.co.jp/HOTEL/51733/51733.html,"早めに到着して、９階にある温泉プールを利用できたことは非常にありがたかったです。
お部屋もオーシャンビューの素敵な部屋で、かつ和風の畳で落ち着く場所とベッドの周りの洋風具合が気に入りました！

さらに１階の温泉はとても広く、遠赤外線サウナ、露天風呂、内風呂と充実していました。雪肌精のアメニティーや人気のドライヤーもあって何度も入ってしまいました。顔が出せる蒸しサウナが調整中だったのは残念でした。

そして夜の食事を楽しみにしていたのですが、和食のコースは内容・味・サービスともに最高でした！特に板前さんが個室に来てくださり目の前で魚の説明やワサビをすりおろしていただけたのは非常に満足度も高かったです。

翌朝の朝食も朝からお刺身やお米自体も美味しく満足度の高い内容でした！

最後チェックアウト後にランチもしたのですが、どのお料理も美味しく空間も素敵でした。

次回来るときはチェックイン前にこのホテルでランチもして過ごしたいと思うくらい
味付け・ボリューム・内容に非常に満足です。"
59,おごと温泉　暖灯館　きくのや,https://travel.rakuten.co.jp/HOTEL/8165/8165.html,"ペットの露天風呂付きのお部屋に泊まりました。お部屋・お風呂は共に新しく綺麗で豪華、清掃も行き届いていました。アメニティも充実。お部屋用のシャンプー類はスティーブンノル、化粧品は雪肌精。犬用のシャンプーもありました。可愛い柄の女性用色浴衣や作務衣もあり、お風呂は木の香りがしてゆったり寛ぐことができました。担当して下さった方はホスピタリティに溢れ、家族と愛犬と滞在中、心地よく過ごすことができました。
友人にもお勧めしたいホテルです。"
60,おごと温泉　暖灯館　きくのや,https://travel.rakuten.co.jp/HOTEL/8165/8165.html,"露天風呂付きのお部屋で早割があったのでこちらの宿泊施設を選びました。ご飯に関して、私は少し量が多かったかなという印象ですが、夕食・朝食ともにどれも美味しく盛り付けも丁寧でした。少し気になったのは、居室の露天風呂の洗い場が狭く洗いづらかったことと、お湯(浴槽・シャワー)の温度調節が難しかったことです。また浴槽のへりが砂利で出来ており、座ると痛かったのでタオルを敷きました。大浴場に関して、露天風呂の浴槽の位置に屋内の換気扇が付いていたため風が当たりやすかったです。大浴場へは居室のタオルを持っていかなければならないのですが、忘れた方用にタオルを置かれているのが好印象でした。よくある床のベタつきもさほど気にならず、清掃が行き届いているなという印象です。そしてお部屋のアメニティが充実しており、雪肌精の化粧水等があることに驚きました。また普段旅行に行った際は仲居さんの接客が気になる事が多いのですが、今回付いてくださった方がとても良く、帰りにおすすめして頂いた観光公園にて足湯も入ることができました。
送迎の対応も迅速だったので、とてもスムーズでした。その他にも良い所が沢山ありこちらに決めてよかったなと思いました。次は家族と違うプランで泊まりたいです。素敵なお宿でした、ありがとうございました。"
61,須賀谷温泉,https://travel.rakuten.co.jp/HOTEL/8796/8796.html,"お部屋、洗面所、お部屋についているお風呂　広くて綺麗でした。
洗面所のアメニティは雪肌精がおかれていました。
お風呂も内湯がぬるめと、やや熱め、露天風呂もゆったりとしていて、ゆっくり入る事ができました。
料理は、しゃぶしゃぶにしました。
美味しかったです。"
62,須賀谷温泉,https://travel.rakuten.co.jp/HOTEL/8796/8796.html,"JR利用のため河毛駅から送迎を頼みました。
駅前は特にお店もなかったです。
湯治プランなら長浜辺りで買い出ししておくと良いでしょう。

客室内は広くてとても奇麗で、
従業員の方も親切でした。

雪肌精のスキンケアが置いてあったのが良かったです！！

温泉も温度の違う内湯と露天風呂があり、ゆっくり浸かっていられました。
露天風呂は木しか見えず、虫の声を聞いていると大自然、山の中にいるようで良かったです。

小さいですが、売店があり地元のお土産が一通り置いてあります。"
63,ホテル菊水今治（Ｈｏｔｅｌ　Ｋｉｋｕｓｕｉ　Ｉｍａｂａｒｉ）,https://travel.rakuten.co.jp/HOTEL/10758/10758.html,"10月中旬、今治からサイクリングするために宿泊しました。
フロントの方の対応が感じ良いです。
夕食の会席料理は美味しくてボリューム満点。
フロント横のアメニティバーに雪肌精が置いてあるので、スキンケア用品を持参する必要なく助かります。
フロント入口付近に、持ち込んだ自転車が置けます。
大浴場は無く、チェックインが遅かったため、貸切風呂に入れず残念でした。
是非、屋上に露天風呂を作って下さい。
今治駅から遠い(徒歩17分くらい)のだけが難点。"
64,那須黒磯温泉　かんすい苑　覚楽,https://travel.rakuten.co.jp/HOTEL/108973/108973.html,"11月初旬に宿泊しました。すべてが質が高く、リピートしたいリストに入りました。食事：80代前半と50代前半の女性には晩、朝共に量は多め。食材は全てが質の高いものを使用していることが素人にもわかります。全体的に優しい味付け(薄いと言うわけではなく)なので満腹でも口に運んでしまう。幸せな時間でした。
食事処：足元にホットカーペットがひかれた堀ごたつの個室です。落ち着いて過ごせます。
アメニティ：部屋に備えてあるクレンジング、化粧水、乳液は雪肌精
お風呂：スリッパは殺菌棚に入れておける。露天風呂からの眺めは塀と木の目隠しでほとんどなし"
65,川湯温泉　冨士屋,https://travel.rakuten.co.jp/HOTEL/1256/1256.html,"コスパ最強でした！
お部屋がかなりきれいで、客室露天風呂からの眺望は眼前の川を一望することができます。コロナの影響からか人は少なめなのかと思いましたが、それもよかったです。ご飯も値段からすると豪華で、お腹いっぱいになりました。大浴場は広くはないですが露店と内風呂ともに綺麗でした。アニメティも雪肌精のトライヤルキットが置いてあり、女性にも喜ばれるのではないでしょうか。予算はそんなに高くないけど露天風呂付き客室が良い方には大満足できると思います。喫煙可能でした。"
66,京都　嵐山温泉　花伝抄（共立リゾート）,https://travel.rakuten.co.jp/HOTEL/130702/130702.html,"コンビニや観光スポットにもすぐに行けて大満足でした！
浴衣が色々な種類から選べたり、浴衣ではない部屋着(ズボン)も用意されており着るものに困ることもありませんでした。貸切風呂も特別感があり良かったです！共有の大浴場には、露天風呂はもちろんサウナ2種類、豊富なシャンプー、コンディショナー、ボディーソープ、スクラブがあり大大大満足でした！個人的に整いスペースもあったことに感動しました！サウナハットを持参していかなかったことに後悔しました。。。お風呂上がりには雪肌精の化粧水等が使え、これにも驚きました！朝ごはんもメニュー豊富でとっても美味しかったです！"
67,筑波山温泉　筑波山ホテル　青木屋,https://travel.rakuten.co.jp/HOTEL/13479/13479.html,"座布団など備品の古さが気になりました。布団も旅館のふかふかの布団を楽しみにしていましたが…。
食事は魚、肉、揚げたての天ぷらと良かったが、お酒が残念でした。ハイボールはほとんど炭酸がなく水割りのようで、ロックはロック用の氷ではなく小さい家庭用の氷でした。
お風呂場に雪肌精のクレンジング、化粧水、乳液が揃っていたり、子供用に色んなサイズの浴衣を部屋に届けて頂いたのは良かったです。
露天風呂は虫や葉っぱがほとんど無く清潔感があり綺麗でした。"
68,チェレステ小豆島　＜小豆島＞,https://travel.rakuten.co.jp/HOTEL/134874/134874.html,"この宿はやはり食事が素晴らしい。食事だけで宿泊代の大半に相当するレベルだと思います。
部屋やレストランからはエンジェルロードが見えますが、人が歩いているのが判別できるレベルで思ったよりも遠い印象でした。徒歩で行く気にはなれません。
宿のお風呂は温泉でないと知っていたので、坂を下りたところのオリーブ温泉に入りに行きました。こちらもお風呂の種類も多く、露天風呂からは海が見えて結構よかったです。宿の湯船を見に来ましたが２人～３人程度が入れる程度でしたが、手ぶらで風呂に入りに行けることや風呂上りにジュースが無料で飲めるようになっていたりと嬉しいサービスがありました。部屋は綺麗に清掃してあります。マッサージチェアやフェイススチーマーも置いてあり快適です。化粧水などが雪肌精で女性陣はかなり喜んでいました。チェックアウトの後、そうめんなどのお土産を頂戴しました。またお勧め場所などいろいろと教えていただきました。皆さんの口コミ通り、サービスレベルが高く、また行きたいと思えるとても良い宿でした。"
